SampleID,SampleName,SampleNo,SampleType,LibraryType,Year,TubeName,Seedlot,OriginalNo,RepNo,VarietyFullName,Variety,Year_Plot,Plot,Location,PreCrop,PreCrop_clean,SoilType
HeelEye2019.1.12.E.16S_000000000.JMLM7,HeelEye2019-1-12-E-16S,337,Eye,16S,2019-2020,1-12-E,1,1,12,Challenger,A,2020_A_1,A_1,EENUM,NA,Unknown,Clay
HeelEye2019.1.34.E.16S_000000000.JKRF4,HeelEye2019-1-34-E-16S,191,Eye,16S,2019-2020,1-34-E,1,1,34,Challenger,A,2020_A_1,A_1,EENUM,NA,Unknown,Clay
HeelEye2019.10.12.E.16S_000000000.JLB35,HeelEye2019-10-12-E-16S,519,Eye,16S,2019-2020,10-12-E,10,10,12,Challenger,A,2020_A_10,A_10,WARFSTERMOLEN,NA,Unknown,Clay
HeelEye2019.10.34.E.16S_000000000.JMMDW,HeelEye2019-10-34-E-16S,465,Eye,16S,2019-2020,10-34-E,10,10,34,Challenger,A,2020_A_10,A_10,WARFSTERMOLEN,NA,Unknown,Clay
S105.10.O.1.16S_000000000.J58CV,105-10-O-1-16S,105,eye,16S,2018-2019,10-O-1,10,10,1,Challenger,A,2019_A_10,A_10,MIDLUM,Tarwe,Wheat,Clay
S166.10.O.2.16S_000000000.J52V7,166-10-O-2-16S,166,eye,16S,2018-2019,10-O-2,10,10,2,Challenger,A,2019_A_10,A_10,MIDLUM,Tarwe,Wheat,Clay
S180.10.O.4.16S_000000000.J52V7,180-10-O-4-16S,180,eye,16S,2018-2019,10-O-4,10,10,4,Challenger,A,2019_A_10,A_10,MIDLUM,Tarwe,Wheat,Clay
S78.10.O.3.16S_000000000.J53BN,78-10-O-3-16S,78,eye,16S,2018-2019,10-O-3,10,10,3,Challenger,A,2019_A_10,A_10,MIDLUM,Tarwe,Wheat,Clay
HeelEye2019.11.12.E.16S_000000000.JKRF4,HeelEye2019-11-12-E-16S,153,Eye,16S,2019-2020,11-12-E,11,11,12,Challenger,A,2020_A_11,A_11,BRANTGUM,NA,Unknown,Clay
HeelEye2019.11.34.E.16S_000000000.JLHG5,HeelEye2019-11-34-E-16S,307,Eye,16S,2019-2020,11-34-E,11,11,34,Challenger,A,2020_A_11,A_11,BRANTGUM,NA,Unknown,Clay
HeelEye2019.12.12.E.16S_000000000.JMM89,HeelEye2019-12-12-E-16S,211,Eye,16S,2019-2020,12-12-E,12,12,12,Challenger,A,2020_A_12,A_12,HIJUM,Grasland,Grass,Clay
HeelEye2019.12.34.E.16S_000000000.JLHG5,HeelEye2019-12-34-E-16S,317,Eye,16S,2019-2020,12-34-E,12,12,34,Challenger,A,2020_A_12,A_12,HIJUM,Grasland,Grass,Clay
HeelEye2019.13.12.E.16S_000000000.JMLN7,HeelEye2019-13-12-E-16S,535,Eye,16S,2019-2020,13-12-E,13,13,12,Challenger,A,2020_A_13,A_13,MARRUM,NA,Unknown,Clay
HeelEye2019.13.34.E.16S_000000000.JMMDW,HeelEye2019-13-34-E-16S,438,Eye,16S,2019-2020,13-34-E,13,13,34,Challenger,A,2020_A_13,A_13,MARRUM,NA,Unknown,Clay
HeelEye2019.14.12.E.16S_000000000.JLB35,HeelEye2019-14-12-E-16S,497,Eye,16S,2019-2020,14-12-E,14,14,12,Challenger,A,2020_A_14,A_14,FERWERT,tarwe,Wheat,Clay
HeelEye2019.14.34.E.16S_000000000.JLBMN,HeelEye2019-14-34-E-16S,409,Eye,16S,2019-2020,14-34-E,14,14,34,Challenger,A,2020_A_14,A_14,FERWERT,tarwe,Wheat,Clay
HeelEye2019.15.12.E.16S_000000000.JLHG5,HeelEye2019-15-12-E-16S,332,Eye,16S,2019-2020,15-12-E,15,15,12,Challenger,A,2020_A_15,A_15,OUDE LEIJE,NA,Unknown,Clay
HeelEye2019.15.34.E.16S_000000000.JFHYF,HeelEye2019-15-34-E-16S,23,Eye,16S,2019-2020,15-34-E,15,15,34,Challenger,A,2020_A_15,A_15,OUDE LEIJE,NA,Unknown,Clay
HeelEye2019.16.12.E.16S_000000000.JMM89,HeelEye2019-16-12-E-16S,196,Eye,16S,2019-2020,16-12-E,16,16,12,Challenger,A,2020_A_16,A_16,ST. ANNAPAROCHIE,Zaaiuien,Onion,Clay
HeelEye2019.16.34.E.16S_000000000.JK6WL,HeelEye2019-16-34-E-16S,703,Eye,16S,2019-2020,16-34-E,16,16,34,Challenger,A,2020_A_16,A_16,ST. ANNAPAROCHIE,Zaaiuien,Onion,Clay
HeelEye2019.17.12.E.16S_000000000.JKP74,HeelEye2019-17-12-E-16S,272,Eye,16S,2019-2020,17-12-E,17,17,12,Challenger,A,2020_A_17,A_17,DRONRIJP,Wintertarwe,Wheat,Clay
HeelEye2019.17.34.E.16S_000000000.JH6L7,HeelEye2019-17-34-E-16S,66,Eye,16S,2019-2020,17-34-E,17,17,34,Challenger,A,2020_A_17,A_17,DRONRIJP,Wintertarwe,Wheat,Clay
S112.17.O.2.16S_000000000.J58CV,112-17-O-2-16S,112,eye,16S,2018-2019,17-O-2,17,17,2,Challenger,A,2019_A_17,A_17,ABBENES,NA,Unknown,Clay
S150.17.O.3.16S_000000000.J52V7,150-17-O-3-16S,150,eye,16S,2018-2019,17-O-3,17,17,3,Challenger,A,2019_A_17,A_17,ABBENES,NA,Unknown,Clay
S24.17.O.1.16S_000000000.J59B3,24-17-O-1-16S,24,eye,16S,2018-2019,17-O-1,17,17,1,Challenger,A,2019_A_17,A_17,ABBENES,NA,Unknown,Clay
S44.17.O.4.16S_000000000.J59B3,44-17-O-4-16S,44,eye,16S,2018-2019,17-O-4,17,17,4,Challenger,A,2019_A_17,A_17,ABBENES,NA,Unknown,Clay
HeelEye2019.18.12.E.16S_000000000.JMLM7,HeelEye2019-18-12-E-16S,354,Eye,16S,2019-2020,18-12-E,18,18,12,Challenger,A,2020_A_18,A_18,OUDE BILDTZIJL,NA,Unknown,Clay
HeelEye2019.18.34.E.16S_000000000.JK6WL,HeelEye2019-18-34-E-16S,692,Eye,16S,2019-2020,18-34-E,18,18,34,Challenger,A,2020_A_18,A_18,OUDE BILDTZIJL,NA,Unknown,Clay
X61.19.2.O.16S_000000000.JCCFG,61-19-2-O-16S,X61,eye,16S,2018-2019,19-O-2,19,19,2,Challenger,A,2019_A_19,A_19,Pingjum,Grasland,Grass,Clay
HeelEye2019.19.12.E.16S_000000000.JH6L7,HeelEye2019-19-12-E-16S,81,Eye,16S,2019-2020,19-12-E,19,19,12,Challenger,A,2020_A_19,A_19,MARKNESSE,Tarwe,Wheat,Clay
HeelEye2019.19.34.E.16S_000000000.JMHTR,HeelEye2019-19-34-E-16S,647,Eye,16S,2019-2020,19-34-E,19,19,34,Challenger,A,2020_A_19,A_19,MARKNESSE,Tarwe,Wheat,Clay
S138.19.O.3.16S_000000000.J58CV,138-19-O-3-16S,138,eye,16S,2018-2019,19-O-3,19,19,3,Challenger,A,2019_A_19,A_19,Pingjum,Grasland,Grass,Clay
S160.19.O.4.16S_000000000.J52V7,160-19-O-4-16S,160,eye,16S,2018-2019,19-O-4,19,19,4,Challenger,A,2019_A_19,A_19,Pingjum,Grasland,Grass,Clay
S89.19.O.1.16S_000000000.J53BN,89-19-O-1-16S,89,eye,16S,2018-2019,19-O-1,19,19,1,Challenger,A,2019_A_19,A_19,Pingjum,Grasland,Grass,Clay
X57.2.1.O.16S_000000000.JCCFG,57-2-1-O-16S,X57,eye,16S,2018-2019,2-O-1,2,2,1,Challenger,A,2019_A_2,A_2,BRITSUM,Grasland,Grass,Clay
HeelEye2019.2.12.E.16S_000000000.JKP3P,HeelEye2019-2-12-E-16S,130,Eye,16S,2019-2020,2-12-E,2,2,12,Challenger,A,2020_A_2,A_2,BLIJHAM,NA,Unknown,Clay
HeelEye2019.2.3.E.16S_000000000.JKP74,HeelEye2019-2-3-E-16S,251,Eye,16S,2019-2020,2-3-E,2,2,3,Challenger,A,2020_A_2,A_2,BLIJHAM,NA,Unknown,Clay
S173.2.O.2.16S_000000000.J52V7,173-2-O-2-16S,173,eye,16S,2018-2019,2-O-2,2,2,2,Challenger,A,2019_A_2,A_2,BRITSUM,Grasland,Grass,Clay
S185.2.O.3.16S_000000000.J52V7,185-2-O-3-16S,185,eye,16S,2018-2019,2-O-3,2,2,3,Challenger,A,2019_A_2,A_2,BRITSUM,Grasland,Grass,Clay
S42.2.O.4.16S_000000000.J59B3,42-2-O-4-16S,42,eye,16S,2018-2019,2-O-4,2,2,4,Challenger,A,2019_A_2,A_2,BRITSUM,Grasland,Grass,Clay
HeelEye2019.20.12.E.16S_000000000.JKP3P,HeelEye2019-20-12-E-16S,104,Eye,16S,2019-2020,20-12-E,20,20,12,Challenger,A,2020_A_20,A_20,MARKNESSE,Peen,Carrot,Clay
HeelEye2019.20.34.E.16S_000000000.JLBMN,HeelEye2019-20-34-E-16S,408,Eye,16S,2019-2020,20-34-E,20,20,34,Challenger,A,2020_A_20,A_20,MARKNESSE,Peen,Carrot,Clay
HeelEye2019.21.12.E.16S_000000000.JMMDW,HeelEye2019-21-12-E-16S,461,Eye,16S,2019-2020,21-12-E,21,21,12,Challenger,A,2020_A_21,A_21,EMMELOORD,Witlof,Chicory,Clay
HeelEye2019.21.34.E.16S_000000000.JKP3P,HeelEye2019-21-34-E-16S,135,Eye,16S,2019-2020,21-34-E,21,21,34,Challenger,A,2020_A_21,A_21,EMMELOORD,Witlof,Chicory,Clay
HeelEye2019.22.12.E.16S_000000000.JKP3P,HeelEye2019-22-12-E-16S,120,Eye,16S,2019-2020,22-12-E,22,22,12,Challenger,A,2020_A_22,A_22,WIERINGERWERF,NA,Unknown,Clay
HeelEye2019.22.34.E.16S_000000000.JFHYF,HeelEye2019-22-34-E-16S,1,Eye,16S,2019-2020,22-34-E,22,22,34,Challenger,A,2020_A_22,A_22,WIERINGERWERF,NA,Unknown,Clay
HeelEye2019.23.12.E.16S_000000000.JMHTR,HeelEye2019-23-12-E-16S,667,Eye,16S,2019-2020,23-12-E,23,23,12,Challenger,A,2020_A_23,A_23,TERHOLE,NA,Unknown,Clay
HeelEye2019.23.34.E.16S_000000000.JMMDW,HeelEye2019-23-34-E-16S,472,Eye,16S,2019-2020,23-34-E,23,23,34,Challenger,A,2020_A_23,A_23,TERHOLE,NA,Unknown,Clay
S158.23.O.2.16S_000000000.J52V7,158-23-O-2-16S,158,eye,16S,2018-2019,23-O-2,23,23,2,Challenger,A,2019_A_23,A_23,STAVENISSE,Wintertarwe,Wheat,Clay
S164.23.O.4.16S_000000000.J52V7,164-23-O-4-16S,164,eye,16S,2018-2019,23-O-4,23,23,4,Challenger,A,2019_A_23,A_23,STAVENISSE,Wintertarwe,Wheat,Clay
S3.23.O.1.16S_000000000.J59B3,3-23-O-1-16S,3,eye,16S,2018-2019,23-O-1,23,23,1,Challenger,A,2019_A_23,A_23,STAVENISSE,Wintertarwe,Wheat,Clay
S36.23.O.3.16S_000000000.J59B3,36-23-O-3-16S,36,eye,16S,2018-2019,23-O-3,23,23,3,Challenger,A,2019_A_23,A_23,STAVENISSE,Wintertarwe,Wheat,Clay
HeelEye2019.24.12.E.16S_000000000.JFHYF,HeelEye2019-24-12-E-16S,19,Eye,16S,2019-2020,24-12-E,24,24,12,Challenger,A,2020_A_24,A_24,ZAAMSLAG,Tarwe,Wheat,Clay
HeelEye2019.24.34.E.16S_000000000.JFHYF,HeelEye2019-24-34-E-16S,16,Eye,16S,2019-2020,24-34-E,24,24,34,Challenger,A,2020_A_24,A_24,ZAAMSLAG,Tarwe,Wheat,Clay
HeelEye2019.25.12.E.16S_000000000.JMMDW,HeelEye2019-25-12-E-16S,474,Eye,16S,2019-2020,25-12-E,25,25,12,Challenger,A,2020_A_25,A_25,ZUIDZANDE,Wintertarwe,Wheat,Clay
HeelEye2019.25.34.E.16S_000000000.JLHG5,HeelEye2019-25-34-E-16S,291,Eye,16S,2019-2020,25-34-E,25,25,34,Challenger,A,2020_A_25,A_25,ZUIDZANDE,Wintertarwe,Wheat,Clay
X7.26.2.O.16S_000000000.J99GR,7_26_2_O_16S,W7,eye,16S,2018-2019,26-O-2,26,26,2,Challenger,A,2019_A_26,A_26,Brantgum,Grasland,Grass,Clay
S116.26.O.1.16S_000000000.J58CV,116-26-O-1-16S,116,eye,16S,2018-2019,26-O-1,26,26,1,Challenger,A,2019_A_26,A_26,Brantgum,Grasland,Grass,Clay
S59.26.O.4.16S_000000000.J53BN,59-26-O-4-16S,59,eye,16S,2018-2019,26-O-4,26,26,4,Challenger,A,2019_A_26,A_26,Brantgum,Grasland,Grass,Clay
S85.26.O.3.16S_000000000.J53BN,85-26-O-3-16S,85,eye,16S,2018-2019,26-O-3,26,26,3,Challenger,A,2019_A_26,A_26,Brantgum,Grasland,Grass,Clay
HeelEye2019.27.12.E.16S_000000000.JLHG5,HeelEye2019-27-12-E-16S,295,Eye,16S,2019-2020,27-12-E,27,27,12,Challenger,A,2020_A_27,A_27,KUITAART,Winterpeen,Carrot,Clay
HeelEye2019.27.34.E.16S_000000000.JLB35,HeelEye2019-27-34-E-16S,513,Eye,16S,2019-2020,27-34-E,27,27,34,Challenger,A,2020_A_27,A_27,KUITAART,Winterpeen,Carrot,Clay
HeelEye2019.28.12.E.16S_000000000.JLBCC,HeelEye2019-28-12-E-16S,614,Eye,16S,2019-2020,28-12-E,28,28,12,Challenger,A,2020_A_28,A_28,KUITAART,Winterpeen,Carrot,Clay
HeelEye2019.28.34.E.16S_000000000.JLHG5,HeelEye2019-28-34-E-16S,319,Eye,16S,2019-2020,28-34-E,28,28,34,Challenger,A,2020_A_28,A_28,KUITAART,Winterpeen,Carrot,Clay
S31.28.O.3.16S_000000000.J59B3,31-28-O-3-16S,31,eye,16S,2018-2019,28-O-3,28,28,3,Challenger,A,2019_A_28,A_28,KLOOSTERBUREN,3 jarig gras,Grass,Clay
S65.28.O.2.16S_000000000.J53BN,65-28-O-2-16S,65,eye,16S,2018-2019,28-O-2,28,28,2,Challenger,A,2019_A_28,A_28,KLOOSTERBUREN,3 jarig gras,Grass,Clay
S70.28.O.1.16S_000000000.J53BN,70-28-O-1-16S,70,eye,16S,2018-2019,28-O-1,28,28,1,Challenger,A,2019_A_28,A_28,KLOOSTERBUREN,3 jarig gras,Grass,Clay
S91.28.O.4.16S_000000000.J53BN,91-28-O-4-16S,91,eye,16S,2018-2019,28-O-4,28,28,4,Challenger,A,2019_A_28,A_28,KLOOSTERBUREN,3 jarig gras,Grass,Clay
HeelEye2019.29.12.E.16S_000000000.JMHR7,HeelEye2019-29-12-E-16S,675,Eye,16S,2019-2020,29-12-E,29,29,12,Challenger,A,2020_A_29,A_29,KRUISLAND,Wintertarwe,Wheat,Clay
HeelEye2019.29.34.E.16S_000000000.JFHYF,HeelEye2019-29-34-E-16S,6,Eye,16S,2019-2020,29-34-E,29,29,34,Challenger,A,2020_A_29,A_29,KRUISLAND,Wintertarwe,Wheat,Clay
HeelEye2019.3.12.E.16S_000000000.JKRF4,HeelEye2019-3-12-E-16S,186,Eye,16S,2019-2020,3-12-E,3,3,12,Challenger,A,2020_A_3,A_3,USQUERT,Wintertarwe,Wheat,Clay
HeelEye2019.3.34.E.16S_000000000.JFHYF,HeelEye2019-3-34-E-16S,40,Eye,16S,2019-2020,3-34-E,3,3,34,Challenger,A,2020_A_3,A_3,USQUERT,Wintertarwe,Wheat,Clay
X32.30.2.O.16S_000000000.J99GR,32_30_2_O_16S,W32,eye,16S,2018-2019,30-O-2,30,30,2,Challenger,A,2019_A_30,A_30,WARFSTERMOLEN,Wintertarwe_bladrammenas,Wheat,Clay
HeelEye2019.30.12.E.16S_000000000.JMM89,HeelEye2019-30-12-E-16S,225,Eye,16S,2019-2020,30-12-E,30,30,12,Challenger,A,2020_A_30,A_30,STAVENISSE,Tarwe,Wheat,Clay
HeelEye2019.30.34.E.16S_000000000.JMLM7,HeelEye2019-30-34-E-16S,381,Eye,16S,2019-2020,30-34-E,30,30,34,Challenger,A,2020_A_30,A_30,STAVENISSE,Tarwe,Wheat,Clay
S122.30.O.4.16S_000000000.J58CV,122-30-O-4-16S,122,eye,16S,2018-2019,30-O-4,30,30,4,Challenger,A,2019_A_30,A_30,WARFSTERMOLEN,Wintertarwe_bladrammenas,Wheat,Clay
S45.30.O.3.16S_000000000.J59B3,45-30-O-3-16S,45,eye,16S,2018-2019,30-O-3,30,30,3,Challenger,A,2019_A_30,A_30,WARFSTERMOLEN,Wintertarwe_bladrammenas,Wheat,Clay
S46.30.O.1.16S_000000000.J59B3,46-30-O-1-16S,46,eye,16S,2018-2019,30-O-1,30,30,1,Challenger,A,2019_A_30,A_30,WARFSTERMOLEN,Wintertarwe_bladrammenas,Wheat,Clay
HeelEye2019.4.12.E.16S_000000000.JMM89,HeelEye2019-4-12-E-16S,240,Eye,16S,2019-2020,4-12-E,4,4,12,Challenger,A,2020_A_4,A_4,OUDESCHIP,NA,Unknown,Clay
HeelEye2019.4.34.E.16S_000000000.JKRF4,HeelEye2019-4-34-E-16S,160,Eye,16S,2019-2020,4-34-E,4,4,34,Challenger,A,2020_A_4,A_4,OUDESCHIP,NA,Unknown,Clay
HeelEye2019.5.12.E.16S_000000000.JK6WL,HeelEye2019-5-12-E-16S,697,Eye,16S,2019-2020,5-12-E,5,5,12,Challenger,A,2020_A_5,A_5,KLOOSTERBUREN,Suikerbieten,Sugar beet,Clay
HeelEye2019.5.34.E.16S_000000000.JK6WL,HeelEye2019-5-34-E-16S,705,Eye,16S,2019-2020,5-34-E,5,5,34,Challenger,A,2020_A_5,A_5,KLOOSTERBUREN,Suikerbieten,Sugar beet,Clay
X2.6.4.O.16S_000000000.J99GR,2_6_4_O_16S,W2,eye,16S,2018-2019,6-O-4,6,6,4,Challenger,A,2019_A_6,A_6,FERWERT,Uien,Onion,Clay
HeelEye2019.6.12.E.16S_000000000.JH6L7,HeelEye2019-6-12-E-16S,76,Eye,16S,2019-2020,6-12-E,6,6,12,Challenger,A,2020_A_6,A_6,HOUWERZIJL,Wintertarwe en groenbemester,Wheat,Clay
HeelEye2019.6.34.E.16S_000000000.JKP3P,HeelEye2019-6-34-E-16S,140,Eye,16S,2019-2020,6-34-E,6,6,34,Challenger,A,2020_A_6,A_6,HOUWERZIJL,Wintertarwe en groenbemester,Wheat,Clay
S183.6.O.2.16S_000000000.J52V7,183-6-O-2-16S,183,eye,16S,2018-2019,6-O-2,6,6,2,Challenger,A,2019_A_6,A_6,FERWERT,Uien,Onion,Clay
S187.6.O.3.16S_000000000.J52V7,187-6-O-3-16S,187,eye,16S,2018-2019,6-O-3,6,6,3,Challenger,A,2019_A_6,A_6,FERWERT,Uien,Onion,Clay
S25.6.O.1.16S_000000000.J59B3,25-6-O-1-16S,25,eye,16S,2018-2019,6-O-1,6,6,1,Challenger,A,2019_A_6,A_6,FERWERT,Uien,Onion,Clay
HeelEye2019.7.12.E.16S_000000000.JMMDW,HeelEye2019-7-12-E-16S,463,Eye,16S,2019-2020,7-12-E,7,7,12,Challenger,A,2020_A_7,A_7,HOUWERZIJL,Wintertarwe,Wheat,Clay
HeelEye2019.7.34.E.16S_000000000.JLB35,HeelEye2019-7-34-E-16S,528,Eye,16S,2019-2020,7-34-E,7,7,34,Challenger,A,2020_A_7,A_7,HOUWERZIJL,Wintertarwe,Wheat,Clay
HeelEye2019.8.12.E.16S_000000000.JLHG5,HeelEye2019-8-12-E-16S,305,Eye,16S,2019-2020,8-12-E,8,8,12,Challenger,A,2020_A_8,A_8,EZINGE,Graszaad,Grass,Clay
HeelEye2019.8.34.E.16S_000000000.JH6L7,HeelEye2019-8-34-E-16S,82,Eye,16S,2019-2020,8-34-E,8,8,34,Challenger,A,2020_A_8,A_8,EZINGE,Graszaad,Grass,Clay
S14.8.O.3.16S_000000000.J59B3,14-8-O-3-16S,14,eye,16S,2018-2019,8-O-3,8,8,3,Challenger,A,2019_A_8,A_8,ZUIDZANDE,Uien,Onion,Clay
S22.8.O.4.16S_000000000.J59B3,22-8-O-4-16S,22,eye,16S,2018-2019,8-O-4,8,8,4,Challenger,A,2019_A_8,A_8,ZUIDZANDE,Uien,Onion,Clay
S38.8.O.2.16S_000000000.J59B3,38-8-O-2-16S,38,eye,16S,2018-2019,8-O-2,8,8,2,Challenger,A,2019_A_8,A_8,ZUIDZANDE,Uien,Onion,Clay
S64.8.O.1.16S_000000000.J53BN,64-8-O-1-16S,64,eye,16S,2018-2019,8-O-1,8,8,1,Challenger,A,2019_A_8,A_8,ZUIDZANDE,Uien,Onion,Clay
HeelEye2019.9.12.E.16S_000000000.JMHTR,HeelEye2019-9-12-E-16S,670,Eye,16S,2019-2020,9-12-E,9,9,12,Challenger,A,2020_A_9,A_9,WARFFUM,Wintergerst,Barley,Clay
HeelEye2019.9.34.E.16S_000000000.JMM89,HeelEye2019-9-34-E-16S,239,Eye,16S,2019-2020,9-34-E,9,9,34,Challenger,A,2020_A_9,A_9,WARFFUM,Wintergerst,Barley,Clay
X58.31.2.O.16S_000000000.JCCFG,58-31-2-O-16S,X58,eye,16S,2018-2019,31-O-2,31,31,2,Colomba,B,2019_B_31,B_31,CREIL,Suikerbieten,Sugar beet,Clay
HeelEye2019.31.12.E.16S_000000000.JMHTR,HeelEye2019-31-12-E-16S,657,Eye,16S,2019-2020,31-12-E,31,31,12,Colomba,B,2020_B_31,B_31,EENUM,Oud grasland,Grass,Clay
HeelEye2019.31.34.E.16S_000000000.JLBCC,HeelEye2019-31-34-E-16S,603,Eye,16S,2019-2020,31-34-E,31,31,34,Colomba,B,2020_B_31,B_31,EENUM,Oud grasland,Grass,Clay
S123.31.O.4.16S_000000000.J58CV,123-31-O-4-16S,123,eye,16S,2018-2019,31-O-4,31,31,4,Colomba,B,2019_B_31,B_31,CREIL,Suikerbieten,Sugar beet,Clay
S28.31.O.1.16S_000000000.J59B3,28-31-O-1-16S,28,eye,16S,2018-2019,31-O-1,31,31,1,Colomba,B,2019_B_31,B_31,CREIL,Suikerbieten,Sugar beet,Clay
S56.31.O.3.16S_000000000.J53BN,56-31-O-3-16S,56,eye,16S,2018-2019,31-O-3,31,31,3,Colomba,B,2019_B_31,B_31,CREIL,Suikerbieten,Sugar beet,Clay
HeelEye2019.33.12.E.16S_000000000.JLBMN,HeelEye2019-33-12-E-16S,431,Eye,16S,2019-2020,33-12-E,33,33,12,Colomba,B,2020_B_33,B_33,STARTENHUIZEN,Grasland,Grass,Clay
HeelEye2019.33.34.E.16S_000000000.JMLN7,HeelEye2019-33-34-E-16S,531,Eye,16S,2019-2020,33-34-E,33,33,34,Colomba,B,2020_B_33,B_33,STARTENHUIZEN,Grasland,Grass,Clay
X15.34.3.O.16S_000000000.J99GR,15_34_3_O_16S,W15,eye,16S,2018-2019,34-O-3,34,34,3,Colomba,B,2019_B_34,B_34,LUTTELGEEST,Witlof,Chicory,Clay
HeelEye2019.34.12.E.16S_000000000.JKP3P,HeelEye2019-34-12-E-16S,111,Eye,16S,2019-2020,34-12-E,34,34,12,Colomba,B,2020_B_34,B_34,ZEERIJP,Grasland,Grass,Clay
HeelEye2019.34.34.E.16S_000000000.JKP3P,HeelEye2019-34-34-E-16S,139,Eye,16S,2019-2020,34-34-E,34,34,34,Colomba,B,2020_B_34,B_34,ZEERIJP,Grasland,Grass,Clay
S124.34.O.2.16S_000000000.J58CV,124-34-O-2-16S,124,eye,16S,2018-2019,34-O-2,34,34,2,Colomba,B,2019_B_34,B_34,LUTTELGEEST,Witlof,Chicory,Clay
S167.34.O.1.16S_000000000.J52V7,167-34-O-1-16S,167,eye,16S,2018-2019,34-O-1,34,34,1,Colomba,B,2019_B_34,B_34,LUTTELGEEST,Witlof,Chicory,Clay
S48.34.O.4.16S_000000000.J59B3,48-34-O-4-16S,48,eye,16S,2018-2019,34-O-4,34,34,4,Colomba,B,2019_B_34,B_34,LUTTELGEEST,Witlof,Chicory,Clay
HeelEye2019.35.12.E.16S_000000000.JMMDW,HeelEye2019-35-12-E-16S,447,Eye,16S,2019-2020,35-12-E,35,35,12,Colomba,B,2020_B_35,B_35,PIETERZIJL,NA,Unknown,Clay
HeelEye2019.35.34.E.16S_000000000.JH6L7,HeelEye2019-35-34-E-16S,52,Eye,16S,2019-2020,35-34-E,35,35,34,Colomba,B,2020_B_35,B_35,PIETERZIJL,NA,Unknown,Clay
HeelEye2019.36.12.E.16S_000000000.JMHTR,HeelEye2019-36-12-E-16S,666,Eye,16S,2019-2020,36-12-E,36,36,12,Colomba,B,2020_B_36,B_36,HOUWERZIJL,Wintertarwe en groenbemester,Wheat,Clay
HeelEye2019.36.34.E.16S_000000000.JMHTR,HeelEye2019-36-34-E-16S,662,Eye,16S,2019-2020,36-34-E,36,36,34,Colomba,B,2020_B_36,B_36,HOUWERZIJL,Wintertarwe en groenbemester,Wheat,Clay
HeelEye2019.37.12.E.16S_000000000.JMHTR,HeelEye2019-37-12-E-16S,648,Eye,16S,2019-2020,37-12-E,37,37,12,Colomba,B,2020_B_37,B_37,MENSINGEWEER,Grasland,Grass,Clay
HeelEye2019.37.34.E.16S_000000000.JK6WL,HeelEye2019-37-34-E-16S,706,Eye,16S,2019-2020,37-34-E,37,37,34,Colomba,B,2020_B_37,B_37,MENSINGEWEER,Grasland,Grass,Clay
X48.38.3.O.16S_000000000.J99GR,48_38_3_O_16S,W48,eye,16S,2018-2019,38-O-3,38,38,3,Colomba,B,2019_B_38,B_38,MENALDUM,Wintertarwe,Wheat,Clay
HeelEye2019.38.12.E.16S_000000000.JMM89,HeelEye2019-38-12-E-16S,233,Eye,16S,2019-2020,38-12-E,38,38,12,Colomba,B,2020_B_38,B_38,NES,NA,Unknown,Clay
HeelEye2019.38.34.E.16S_000000000.JKP74,HeelEye2019-38-34-E-16S,262,Eye,16S,2019-2020,38-34-E,38,38,34,Colomba,B,2020_B_38,B_38,NES,NA,Unknown,Clay
S131.38.O.1.16S_000000000.J58CV,131-38-O-1-16S,131,eye,16S,2018-2019,38-O-1,38,38,1,Colomba,B,2019_B_38,B_38,MENALDUM,Wintertarwe,Wheat,Clay
S4.38.O.2.16S_000000000.J59B3,4-38-O-2-16S,4,eye,16S,2018-2019,38-O-2,38,38,2,Colomba,B,2019_B_38,B_38,MENALDUM,Wintertarwe,Wheat,Clay
S77.38.O.4.16S_000000000.J53BN,77-38-O-4-16S,77,eye,16S,2018-2019,38-O-4,38,38,4,Colomba,B,2019_B_38,B_38,MENALDUM,Wintertarwe,Wheat,Clay
HeelEye2019.39.12.E.16S_000000000.JLBCC,HeelEye2019-39-12-E-16S,609,Eye,16S,2019-2020,39-12-E,39,39,12,Colomba,B,2020_B_39,B_39,NES,NA,Unknown,Clay
HeelEye2019.39.34.E.16S_000000000.JMHTR,HeelEye2019-39-34-E-16S,671,Eye,16S,2019-2020,39-34-E,39,39,34,Colomba,B,2020_B_39,B_39,NES,NA,Unknown,Clay
HeelEye2019.40.12.E.16S_000000000.JMM89,HeelEye2019-40-12-E-16S,201,Eye,16S,2019-2020,40-12-E,40,40,12,Colomba,B,2020_B_40,B_40,MARRUM,Wintertarwe gras groenbemester,Wheat,Clay
HeelEye2019.40.34.E.16S_000000000.JKP3P,HeelEye2019-40-34-E-16S,106,Eye,16S,2019-2020,40-34-E,40,40,34,Colomba,B,2020_B_40,B_40,MARRUM,Wintertarwe gras groenbemester,Wheat,Clay
HeelEye2019.41.12.E.16S_000000000.JKRF4,HeelEye2019-41-12-E-16S,152,Eye,16S,2019-2020,41-12-E,41,41,12,Colomba,B,2020_B_41,B_41,STIENS,Grasland,Grass,Clay
HeelEye2019.41.34.E.16S_000000000.JLBMN,HeelEye2019-41-34-E-16S,411,Eye,16S,2019-2020,41-34-E,41,41,34,Colomba,B,2020_B_41,B_41,STIENS,Grasland,Grass,Clay
HeelEye2019.42.12.E.16S_000000000.JLBMN,HeelEye2019-42-12-E-16S,429,Eye,16S,2019-2020,42-12-E,42,42,12,Colomba,B,2020_B_42,B_42,HIJUM,Grasland,Grass,Clay
HeelEye2019.42.4.E.16S_000000000.JMM89,HeelEye2019-42-4-E-16S,226,Eye,16S,2019-2020,42-4-E,42,42,4,Colomba,B,2020_B_42,B_42,HIJUM,Grasland,Grass,Clay
HeelEye2019.43.12.E.16S_000000000.JLB35,HeelEye2019-43-12-E-16S,494,Eye,16S,2019-2020,43-12-E,43,43,12,Colomba,B,2020_B_43,B_43,HIJUM,Zomertarwe,Wheat,Clay
HeelEye2019.43.34.E.16S_000000000.JK6WL,HeelEye2019-43-34-E-16S,679,Eye,16S,2019-2020,43-34-E,43,43,34,Colomba,B,2020_B_43,B_43,HIJUM,Zomertarwe,Wheat,Clay
HeelEye2019.44.12.E.16S_000000000.JMLM7,HeelEye2019-44-12-E-16S,357,Eye,16S,2019-2020,44-12-E,44,44,12,Colomba,B,2020_B_44,B_44,FERWERT,Tarwe,Wheat,Clay
HeelEye2019.44.34.E.16S_000000000.JMLM7,HeelEye2019-44-34-E-16S,340,Eye,16S,2019-2020,44-34-E,44,44,34,Colomba,B,2020_B_44,B_44,FERWERT,Tarwe,Wheat,Clay
HeelEye2019.45.12.E.16S_000000000.JLB35,HeelEye2019-45-12-E-16S,517,Eye,16S,2019-2020,45-12-E,45,45,12,Colomba,B,2020_B_45,B_45,HIJUM,NA,Unknown,Clay
HeelEye2019.45.34.E.16S_000000000.JH6L7,HeelEye2019-45-34-E-16S,79,Eye,16S,2019-2020,45-34-E,45,45,34,Colomba,B,2020_B_45,B_45,HIJUM,NA,Unknown,Clay
HeelEye2019.46.12.E.16S_000000000.JMLN7,HeelEye2019-46-12-E-16S,574,Eye,16S,2019-2020,46-12-E,46,46,12,Colomba,B,2020_B_46,B_46,HIJUM,NA,Unknown,Clay
HeelEye2019.46.34.E.16S_000000000.JH6L7,HeelEye2019-46-34-E-16S,61,Eye,16S,2019-2020,46-34-E,46,46,34,Colomba,B,2020_B_46,B_46,HIJUM,NA,Unknown,Clay
X37.47.4.O.16S_000000000.J99GR,37_47_4_O_16S,W37,eye,16S,2018-2019,47-O-4,47,47,4,Colomba,B,2019_B_47,B_47,OUDE BILDTZIJL,Suikerbieten,Sugar beet,Clay
HeelEye2019.47.12.E.16S_000000000.JMHTR,HeelEye2019-47-12-E-16S,626,Eye,16S,2019-2020,47-12-E,47,47,12,Colomba,B,2020_B_47,B_47,OUDE BILDTZIJL,NA,Unknown,Clay
HeelEye2019.47.34.E.16S_000000000.JMMDW,HeelEye2019-47-34-E-16S,439,Eye,16S,2019-2020,47-34-E,47,47,34,Colomba,B,2020_B_47,B_47,OUDE BILDTZIJL,NA,Unknown,Clay
S172.47.O.2.16S_000000000.J52V7,172-47-O-2-16S,172,eye,16S,2018-2019,47-O-2,47,47,2,Colomba,B,2019_B_47,B_47,OUDE BILDTZIJL,Suikerbieten,Sugar beet,Clay
S50.47.O.1.16S_000000000.J53BN,50-47-O-1-16S,50,eye,16S,2018-2019,47-O-1,47,47,1,Colomba,B,2019_B_47,B_47,OUDE BILDTZIJL,Suikerbieten,Sugar beet,Clay
S94.47.O.3.16S_000000000.J53BN,94-47-O-3-16S,94,eye,16S,2018-2019,47-O-3,47,47,3,Colomba,B,2019_B_47,B_47,OUDE BILDTZIJL,Suikerbieten,Sugar beet,Clay
HeelEye2019.48.12.E.16S_000000000.JMMDW,HeelEye2019-48-12-E-16S,471,Eye,16S,2019-2020,48-12-E,48,48,12,Colomba,B,2020_B_48,B_48,PINGJUM,Suikerbieten,Sugar beet,Clay
HeelEye2019.48.34.E.16S_000000000.JKRF4,HeelEye2019-48-34-E-16S,162,Eye,16S,2019-2020,48-34-E,48,48,34,Colomba,B,2020_B_48,B_48,PINGJUM,Suikerbieten,Sugar beet,Clay
HeelEye2019.49.12.E.16S_000000000.JFHYF,HeelEye2019-49-12-E-16S,5,Eye,16S,2019-2020,49-12-E,49,49,12,Colomba,B,2020_B_49,B_49,SEXBIERUM,NA,Unknown,Clay
HeelEye2019.49.34.E.16S_000000000.JMM89,HeelEye2019-49-34-E-16S,206,Eye,16S,2019-2020,49-34-E,49,49,34,Colomba,B,2020_B_49,B_49,SEXBIERUM,NA,Unknown,Clay
HeelEye2019.50.12.E.16S_000000000.JMM89,HeelEye2019-50-12-E-16S,213,Eye,16S,2019-2020,50-12-E,50,50,12,Colomba,B,2020_B_50,B_50,MENALDUM,NA,Unknown,Clay
HeelEye2019.50.34.E.16S_000000000.JKP3P,HeelEye2019-50-34-E-16S,126,Eye,16S,2019-2020,50-34-E,50,50,34,Colomba,B,2020_B_50,B_50,MENALDUM,NA,Unknown,Clay
S119.50.O.2.16S_000000000.J58CV,119-50-O-2-16S,119,eye,16S,2018-2019,50-O-2,50,50,2,Colomba,B,2019_B_50,B_50,ZEERIJP,NA,Unknown,Clay
S130.50.O.1.16S_000000000.J58CV,130-50-O-1-16S,130,eye,16S,2018-2019,50-O-1,50,50,1,Colomba,B,2019_B_50,B_50,ZEERIJP,NA,Unknown,Clay
S145.50.O.4.16S_000000000.J52V7,145-50-O-4-16S,145,eye,16S,2018-2019,50-O-4,50,50,4,Colomba,B,2019_B_50,B_50,ZEERIJP,NA,Unknown,Clay
S165.50.O.3.16S_000000000.J52V7,165-50-O-3-16S,165,eye,16S,2018-2019,50-O-3,50,50,3,Colomba,B,2019_B_50,B_50,ZEERIJP,NA,Unknown,Clay
X4.51.4.O.16S_000000000.J99GR,4_51_4_O_16S,W4,eye,16S,2018-2019,51-O-4,51,51,4,Colomba,B,2019_B_51,B_51,MENALDUM,Wintertarwe,Wheat,Clay
HeelEye2019.51.12.E.16S_000000000.JLHG5,HeelEye2019-51-12-E-16S,301,Eye,16S,2019-2020,51-12-E,51,51,12,Colomba,B,2020_B_51,B_51,CREIL,NA,Unknown,Clay
HeelEye2019.51.34.E.16S_000000000.JMMDW,HeelEye2019-51-34-E-16S,442,Eye,16S,2019-2020,51-34-E,51,51,34,Colomba,B,2020_B_51,B_51,CREIL,NA,Unknown,Clay
S13.51.O.1.16S_000000000.J59B3,13-51-O-1-16S,13,eye,16S,2018-2019,51-O-1,51,51,1,Colomba,B,2019_B_51,B_51,MENALDUM,Wintertarwe,Wheat,Clay
S23.51.O.2.16S_000000000.J59B3,23-51-O-2-16S,23,eye,16S,2018-2019,51-O-2,51,51,2,Colomba,B,2019_B_51,B_51,MENALDUM,Wintertarwe,Wheat,Clay
S95.51.O.3.16S_000000000.J53BN,95-51-O-3-16S,95,eye,16S,2018-2019,51-O-3,51,51,3,Colomba,B,2019_B_51,B_51,MENALDUM,Wintertarwe,Wheat,Clay
HeelEye2019.52.12.E.16S_000000000.JKRF4,HeelEye2019-52-12-E-16S,187,Eye,16S,2019-2020,52-12-E,52,52,12,Colomba,B,2020_B_52,B_52,RUTTEN,Lelies,Lily,Clay
HeelEye2019.52.34.E.16S_000000000.JMLN7,HeelEye2019-52-34-E-16S,554,Eye,16S,2019-2020,52-34-E,52,52,34,Colomba,B,2020_B_52,B_52,RUTTEN,Lelies,Lily,Clay
S100.52.O.2.16S_000000000.J58CV,100-52-O-2-16S,100,eye,16S,2018-2019,52-O-2,52,52,2,Colomba,B,2019_B_52,B_52,HIJUM,Grasland,Grass,Clay
S12.52.O.3.16S_000000000.J59B3,12-52-O-3-16S,12,eye,16S,2018-2019,52-O-3,52,52,3,Colomba,B,2019_B_52,B_52,HIJUM,Grasland,Grass,Clay
S142.52.O.4.16S_000000000.J58CV,142-52-O-4-16S,142,eye,16S,2018-2019,52-O-4,52,52,4,Colomba,B,2019_B_52,B_52,HIJUM,Grasland,Grass,Clay
S98.52.O.1.16S_000000000.J58CV,98-52-O-1-16S,98,eye,16S,2018-2019,52-O-1,52,52,1,Colomba,B,2019_B_52,B_52,HIJUM,Grasland,Grass,Clay
HeelEye2019.53.12.E.16S_000000000.JLBCC,HeelEye2019-53-12-E-16S,584,Eye,16S,2019-2020,53-12-E,53,53,12,Colomba,B,2020_B_53,B_53,LUTTELGEEST,Tulpen,Tulip,Clay
HeelEye2019.53.34.E.16S_000000000.JFHYF,HeelEye2019-53-34-E-16S,29,Eye,16S,2019-2020,53-34-E,53,53,34,Colomba,B,2020_B_53,B_53,LUTTELGEEST,Tulpen,Tulip,Clay
HeelEye2019.54.12.E.16S_000000000.JLBCC,HeelEye2019-54-12-E-16S,589,Eye,16S,2019-2020,54-12-E,54,54,12,Colomba,B,2020_B_54,B_54,LUTTELGEEST,Witlof,Chicory,Clay
HeelEye2019.54.34.E.16S_000000000.JKRF4,HeelEye2019-54-34-E-16S,172,Eye,16S,2019-2020,54-34-E,54,54,34,Colomba,B,2020_B_54,B_54,LUTTELGEEST,Witlof,Chicory,Clay
HeelEye2019.55.12.E.16S_000000000.JLBCC,HeelEye2019-55-12-E-16S,585,Eye,16S,2019-2020,55-12-E,55,55,12,Colomba,B,2020_B_55,B_55,WIERINGERWERF,NA,Unknown,Clay
HeelEye2019.55.34.E.16S_000000000.JMM89,HeelEye2019-55-34-E-16S,197,Eye,16S,2019-2020,55-34-E,55,55,34,Colomba,B,2020_B_55,B_55,WIERINGERWERF,NA,Unknown,Clay
HeelEye2019.56.12.E.16S_000000000.JMHTR,HeelEye2019-56-12-E-16S,637,Eye,16S,2019-2020,56-12-E,56,56,12,Colomba,B,2020_B_56,B_56,HULST,Wintertarwe,Wheat,Clay
HeelEye2019.56.34.E.16S_000000000.JLBMN,HeelEye2019-56-34-E-16S,404,Eye,16S,2019-2020,56-34-E,56,56,34,Colomba,B,2020_B_56,B_56,HULST,Wintertarwe,Wheat,Clay
S117.56.O.4.16S_000000000.J58CV,117-56-O-4-16S,117,eye,16S,2018-2019,56-O-4,56,56,4,Colomba,B,2019_B_56,B_56,Marrum,Grasland,Grass,Clay
S29.56.O.3.16S_000000000.J59B3,29-56-O-3-16S,29,eye,16S,2018-2019,56-O-3,56,56,3,Colomba,B,2019_B_56,B_56,Marrum,Grasland,Grass,Clay
S72.56.O.2.16S_000000000.J53BN,72-56-O-2-16S,72,eye,16S,2018-2019,56-O-2,56,56,2,Colomba,B,2019_B_56,B_56,Marrum,Grasland,Grass,Clay
S97.56.O.1.16S_000000000.J58CV,97-56-O-1-16S,97,eye,16S,2018-2019,56-O-1,56,56,1,Colomba,B,2019_B_56,B_56,Marrum,Grasland,Grass,Clay
HeelEye2019.57.12.E.16S_000000000.JKP74,HeelEye2019-57-12-E-16S,281,Eye,16S,2019-2020,57-12-E,57,57,12,Colomba,B,2020_B_57,B_57,ZAAMSLAG,Tarwe,Wheat,Clay
HeelEye2019.57.34.E.16S_000000000.JLBCC,HeelEye2019-57-34-E-16S,598,Eye,16S,2019-2020,57-34-E,57,57,34,Colomba,B,2020_B_57,B_57,ZAAMSLAG,Tarwe,Wheat,Clay
HeelEye2019.58.12.E.16S_000000000.JMHTR,HeelEye2019-58-12-E-16S,656,Eye,16S,2019-2020,58-12-E,58,58,12,Colomba,B,2020_B_58,B_58,EENUM,NA,Unknown,Clay
HeelEye2019.58.34.E.16S_000000000.JMLM7,HeelEye2019-58-34-E-16S,383,Eye,16S,2019-2020,58-34-E,58,58,34,Colomba,B,2020_B_58,B_58,EENUM,NA,Unknown,Clay
S118.58.O.2.16S_000000000.J58CV,118-58-O-2-16S,118,eye,16S,2018-2019,58-O-2,58,58,2,Colomba,B,2019_B_58,B_58,HIJUM,Wintertarwe,Wheat,Clay
S121.58.O.4.16S_000000000.J58CV,121-58-O-4-16S,121,eye,16S,2018-2019,58-O-4,58,58,4,Colomba,B,2019_B_58,B_58,HIJUM,Wintertarwe,Wheat,Clay
S192.58.O.1.16S_000000000.J52V7,192-58-O-1-16S,192,eye,16S,2018-2019,58-O-1,58,58,1,Colomba,B,2019_B_58,B_58,HIJUM,Wintertarwe,Wheat,Clay
S60.58.O.3.16S_000000000.J53BN,60-58-O-3-16S,60,eye,16S,2018-2019,58-O-3,58,58,3,Colomba,B,2019_B_58,B_58,HIJUM,Wintertarwe,Wheat,Clay
HeelEye2019.59.12.E.16S_000000000.JH6L7,HeelEye2019-59-12-E-16S,63,Eye,16S,2019-2020,59-12-E,59,59,12,Colomba,B,2020_B_59,B_59,DE HEEN,Suikerbieten,Sugar beet,Clay
HeelEye2019.59.12.E.16S_000000000.JKP3P,HeelEye2019-59-12-E-16S,141,Eye,16S,2019-2020,59-12-E,59,59,12,Colomba,B,2020_B_59,B_59,DE HEEN,Suikerbieten,Sugar beet,Clay
HeelEye2019.59.34.E.16S_000000000.JKRF4,HeelEye2019-59-34-E-16S,161,Eye,16S,2019-2020,59-34-E,59,59,34,Colomba,B,2020_B_59,B_59,DE HEEN,Suikerbieten,Sugar beet,Clay
HeelEye2019.59.34.E.16S_000000000.JLBMN,HeelEye2019-59-34-E-16S,405,Eye,16S,2019-2020,59-34-E,59,59,34,Colomba,B,2020_B_59,B_59,DE HEEN,Suikerbieten,Sugar beet,Clay
HeelEye2019.60.12.E.16S_000000000.JLBMN,HeelEye2019-60-12-E-16S,386,Eye,16S,2019-2020,60-12-E,60,60,12,Colomba,B,2020_B_60,B_60,AALTEN,NA,Unknown,Sand
HeelEye2019.60.4.E.16S_000000000.JLHG5,HeelEye2019-60-4-E-16S,310,Eye,16S,2019-2020,60-4-E,60,60,4,Colomba,B,2020_B_60,B_60,AALTEN,NA,Unknown,Sand
S137.60.O.1.16S_000000000.J58CV,137-60-O-1-16S,137,eye,16S,2018-2019,60-O-1,60,60,1,Colomba,B,2019_B_60,B_60,AALTEN,Grasland,Grass,Sand
S37.60.O.3.16S_000000000.J59B3,37-60-O-3-16S,37,eye,16S,2018-2019,60-O-3,60,60,3,Colomba,B,2019_B_60,B_60,AALTEN,Grasland,Grass,Sand
S43.60.O.4.16S_000000000.J59B3,43-60-O-4-16S,43,eye,16S,2018-2019,60-O-4,60,60,4,Colomba,B,2019_B_60,B_60,AALTEN,Grasland,Grass,Sand
S61.60.O.2.16S_000000000.J53BN,61-60-O-2-16S,61,eye,16S,2018-2019,60-O-2,60,60,2,Colomba,B,2019_B_60,B_60,AALTEN,Grasland,Grass,Sand
S170.134.O.4.16S_000000000.J52V7,170-134-O-4-16S,170,eye,16S,2018-2019,134-O-4,134,214,4,Festien,C,2019_C_134,C_134,BOYL,NA,Unknown,Sand
S18.134.O.3.16S_000000000.J59B3,18-134-O-3-16S,18,eye,16S,2018-2019,134-O-3,134,214,3,Festien,C,2019_C_134,C_134,BOYL,NA,Unknown,Sand
S68.134.O.2.16S_000000000.J53BN,68-134-O-2-16S,68,eye,16S,2018-2019,134-O-2,134,214,2,Festien,C,2019_C_134,C_134,BOYL,NA,Unknown,Sand
S73.134.O.1.16S_000000000.J53BN,73-134-O-1-16S,73,eye,16S,2018-2019,134-O-1,134,214,1,Festien,C,2019_C_134,C_134,BOYL,NA,Unknown,Sand
X30.136.1.O.16S_000000000.J99GR,30_136_1_O_16S,W30,eye,16S,2018-2019,136-O-1,136,216,1,Festien,C,2019_C_136,C_136,WARFFUM,Wintertarwe,Wheat,Clay
S133.136.O.3.16S_000000000.J58CV,133-136-O-3-16S,133,eye,16S,2018-2019,136-O-3,136,216,3,Festien,C,2019_C_136,C_136,WARFFUM,Wintertarwe,Wheat,Clay
S153.136.O.2.16S_000000000.J52V7,153-136-O-2-16S,153,eye,16S,2018-2019,136-O-2,136,216,2,Festien,C,2019_C_136,C_136,WARFFUM,Wintertarwe,Wheat,Clay
S86.136.O.4.16S_000000000.J53BN,86-136-O-4-16S,86,eye,16S,2018-2019,136-O-4,136,216,4,Festien,C,2019_C_136,C_136,WARFFUM,Wintertarwe,Wheat,Clay
X25.140.3.O.16S_000000000.J99GR,25_140_3_O_16S,W25,eye,16S,2018-2019,140-O-3,140,220,3,Festien,C,2019_C_140,C_140,SIDDEBUREN,Tarwe,Wheat,Sand
S189.140.O.1.16S_000000000.J52V7,189-140-O-1-16S,189,eye,16S,2018-2019,140-O-1,140,220,1,Festien,C,2019_C_140,C_140,SIDDEBUREN,Tarwe,Wheat,Sand
S51.140.O.2.16S_000000000.J53BN,51-140-O-2-16S,51,eye,16S,2018-2019,140-O-2,140,220,2,Festien,C,2019_C_140,C_140,SIDDEBUREN,Tarwe,Wheat,Sand
S75.140.O.4.16S_000000000.J53BN,75-140-O-4-16S,75,eye,16S,2018-2019,140-O-4,140,220,4,Festien,C,2019_C_140,C_140,SIDDEBUREN,Tarwe,Wheat,Sand
S162.143.O.3.16S_000000000.J52V7,162-143-O-3-16S,162,eye,16S,2018-2019,143-O-3,143,223,3,Festien,C,2019_C_143,C_143,ELDERSLOO,NA,Unknown,Sand
S54.143.O.4.16S_000000000.J53BN,54-143-O-4-16S,54,eye,16S,2018-2019,143-O-4,143,223,4,Festien,C,2019_C_143,C_143,ELDERSLOO,NA,Unknown,Sand
S82.143.O.1.16S_000000000.J53BN,82-143-O-1-16S,82,eye,16S,2018-2019,143-O-1,143,223,1,Festien,C,2019_C_143,C_143,ELDERSLOO,NA,Unknown,Sand
S92.143.O.2.16S_000000000.J53BN,92-143-O-2-16S,92,eye,16S,2018-2019,143-O-2,143,223,2,Festien,C,2019_C_143,C_143,ELDERSLOO,NA,Unknown,Sand
HeelEye2019.151.12.E.16S_000000000.JMM89,HeelEye2019-151-12-E-16S,228,Eye,16S,2019-2020,151-12-E,151,151,12,Festien,C,2020_C_151,C_151,WESTHOEK,NA,Unknown,Clay
HeelEye2019.151.34.E.16S_000000000.JMMDW,HeelEye2019-151-34-E-16S,469,Eye,16S,2019-2020,151-34-E,151,151,34,Festien,C,2020_C_151,C_151,WESTHOEK,NA,Unknown,Clay
HeelEye2019.152.12.E.16S_000000000.JMMDW,HeelEye2019-152-12-E-16S,450,Eye,16S,2019-2020,152-12-E,152,152,12,Festien,C,2020_C_152,C_152,WESTHOEK,NA,Unknown,Clay
HeelEye2019.152.34.E.16S_000000000.JMM89,HeelEye2019-152-34-E-16S,216,Eye,16S,2019-2020,152-34-E,152,152,34,Festien,C,2020_C_152,C_152,WESTHOEK,NA,Unknown,Clay
HeelEye2019.153.12.E.16S_000000000.JH6L7,HeelEye2019-153-12-E-16S,64,Eye,16S,2019-2020,153-12-E,153,153,12,Festien,C,2020_C_153,C_153,USQUERT,NA,Unknown,Clay
HeelEye2019.153.34.E.16S_000000000.JMM89,HeelEye2019-153-34-E-16S,221,Eye,16S,2019-2020,153-34-E,153,153,34,Festien,C,2020_C_153,C_153,USQUERT,NA,Unknown,Clay
HeelEye2019.154.12.E.16S_000000000.JMLN7,HeelEye2019-154-12-E-16S,559,Eye,16S,2019-2020,154-12-E,154,154,12,Festien,C,2020_C_154,C_154,MENSINGEWEER,Zomergerst,Barley,Clay
HeelEye2019.154.34.E.16S_000000000.JK6WL,HeelEye2019-154-34-E-16S,681,Eye,16S,2019-2020,154-34-E,154,154,34,Festien,C,2020_C_154,C_154,MENSINGEWEER,Zomergerst,Barley,Clay
HeelEye2019.155.12.E.16S_000000000.JMHR7,HeelEye2019-155-12-E-16S,676,Eye,16S,2019-2020,155-12-E,155,155,12,Festien,C,2020_C_155,C_155,AALTEN,NA,Unknown,Sand
HeelEye2019.155.34.E.16S_000000000.JMMDW,HeelEye2019-155-34-E-16S,454,Eye,16S,2019-2020,155-34-E,155,155,34,Festien,C,2020_C_155,C_155,AALTEN,NA,Unknown,Sand
HeelEye2019.156.12.E.16S_000000000.JKRF4,HeelEye2019-156-12-E-16S,167,Eye,16S,2019-2020,156-12-E,156,156,12,Festien,C,2020_C_156,C_156,AALTEN,NA,Unknown,Sand
HeelEye2019.156.34.E.16S_000000000.JMMDW,HeelEye2019-156-34-E-16S,437,Eye,16S,2019-2020,156-34-E,156,156,34,Festien,C,2020_C_156,C_156,AALTEN,NA,Unknown,Sand
HeelEye2019.157.12.E.16S_000000000.JH6L7,HeelEye2019-157-12-E-16S,59,Eye,16S,2019-2020,157-12-E,157,157,12,Festien,C,2020_C_157,C_157,AALTEN,NA,Unknown,Sand
HeelEye2019.157.34.E.16S_000000000.JMMDW,HeelEye2019-157-34-E-16S,446,Eye,16S,2019-2020,157-34-E,157,157,34,Festien,C,2020_C_157,C_157,AALTEN,NA,Unknown,Sand
HeelEye2019.158.12.E.16S_000000000.JFHYF,HeelEye2019-158-12-E-16S,31,Eye,16S,2019-2020,158-12-E,158,158,12,Festien,C,2020_C_158,C_158,WARFFUM,Wintertarwe,Wheat,Clay
HeelEye2019.158.34.E.16S_000000000.JMMDW,HeelEye2019-158-34-E-16S,479,Eye,16S,2019-2020,158-34-E,158,158,34,Festien,C,2020_C_158,C_158,WARFFUM,Wintertarwe,Wheat,Clay
HeelEye2019.159.12.E.16S_000000000.JLB35,HeelEye2019-159-12-E-16S,523,Eye,16S,2019-2020,159-12-E,159,159,12,Festien,C,2020_C_159,C_159,BOYL,NA,Unknown,Sand
HeelEye2019.159.34.E.16S_000000000.JFHYF,HeelEye2019-159-34-E-16S,30,Eye,16S,2019-2020,159-34-E,159,159,34,Festien,C,2020_C_159,C_159,BOYL,NA,Unknown,Sand
HeelEye2019.160.12.E.16S_000000000.JFHYF,HeelEye2019-160-12-E-16S,15,Eye,16S,2019-2020,160-12-E,160,160,12,Festien,C,2020_C_160,C_160,EENRUM,Uien,Onion,Clay
HeelEye2019.160.34.E.16S_000000000.JK6WL,HeelEye2019-160-34-E-16S,700,Eye,16S,2019-2020,160-34-E,160,160,34,Festien,C,2020_C_160,C_160,EENRUM,Uien,Onion,Clay
HeelEye2019.161.12.E.16S_000000000.JMLM7,HeelEye2019-161-12-E-16S,349,Eye,16S,2019-2020,161-12-E,161,161,12,Festien,C,2020_C_161,C_161,RUTTEN,NA,Unknown,Clay
HeelEye2019.161.34.E.16S_000000000.JMM89,HeelEye2019-161-34-E-16S,200,Eye,16S,2019-2020,161-34-E,161,161,34,Festien,C,2020_C_161,C_161,RUTTEN,NA,Unknown,Clay
HeelEye2019.162.12.E.16S_000000000.JMM89,HeelEye2019-162-12-E-16S,218,Eye,16S,2019-2020,162-12-E,162,162,12,Festien,C,2020_C_162,C_162,RUTTEN,NA,Unknown,Clay
HeelEye2019.162.34.E.16S_000000000.JLBCC,HeelEye2019-162-34-E-16S,618,Eye,16S,2019-2020,162-34-E,162,162,34,Festien,C,2020_C_162,C_162,RUTTEN,NA,Unknown,Clay
HeelEye2019.163.12.E.16S_000000000.JMHTR,HeelEye2019-163-12-E-16S,638,Eye,16S,2019-2020,163-12-E,163,163,12,Festien,C,2020_C_163,C_163,NA,Mais,Maize,Sand
HeelEye2019.163.34.E.16S_000000000.JH6L7,HeelEye2019-163-34-E-16S,95,Eye,16S,2019-2020,163-34-E,163,163,34,Festien,C,2020_C_163,C_163,NA,Mais,Maize,Sand
HeelEye2019.164.12.E.16S_000000000.JLBMN,HeelEye2019-164-12-E-16S,399,Eye,16S,2019-2020,164-12-E,164,164,12,Festien,C,2020_C_164,C_164,NA,Lelie,Lily,Sand
HeelEye2019.164.34.E.16S_000000000.JMLN7,HeelEye2019-164-34-E-16S,568,Eye,16S,2019-2020,164-34-E,164,164,34,Festien,C,2020_C_164,C_164,NA,Lelie,Lily,Sand
HeelEye2019.165.12.E.16S_000000000.JKP74,HeelEye2019-165-12-E-16S,258,Eye,16S,2019-2020,165-12-E,165,165,12,Festien,C,2020_C_165,C_165,ST. JACOBIPAROCHIE,Uien,Onion,Clay
HeelEye2019.165.34.E.16S_000000000.JLB35,HeelEye2019-165-34-E-16S,486,Eye,16S,2019-2020,165-34-E,165,165,34,Festien,C,2020_C_165,C_165,ST. JACOBIPAROCHIE,Uien,Onion,Clay
HeelEye2019.166.12.E.16S_000000000.JLB35,HeelEye2019-166-12-E-16S,515,Eye,16S,2019-2020,166-12-E,166,166,12,Festien,C,2020_C_166,C_166,SCHOONLOO,NA,Unknown,Sand
HeelEye2019.166.34.E.16S_000000000.JKP3P,HeelEye2019-166-34-E-16S,114,Eye,16S,2019-2020,166-34-E,166,166,34,Festien,C,2020_C_166,C_166,SCHOONLOO,NA,Unknown,Sand
HeelEye2019.167.12.E.16S_000000000.JMM89,HeelEye2019-167-12-E-16S,208,Eye,16S,2019-2020,167-12-E,167,167,12,Festien,C,2020_C_167,C_167,SCHOONLOO,NA,Unknown,Sand
HeelEye2019.167.34.E.16S_000000000.JMMDW,HeelEye2019-167-34-E-16S,470,Eye,16S,2019-2020,167-34-E,167,167,34,Festien,C,2020_C_167,C_167,SCHOONLOO,NA,Unknown,Sand
S1.167.O.1.16S_000000000.J59B3,1-167-O-1-16S,1,eye,16S,2018-2019,167-O-1,167,247,1,Festien,C,2019_C_167,C_167,AMEN,NA,Unknown,Sand
S120.167.O.4.16S_000000000.J58CV,120-167-O-4-16S,120,eye,16S,2018-2019,167-O-4,167,247,4,Festien,C,2019_C_167,C_167,AMEN,NA,Unknown,Sand
S134.167.O.3.16S_000000000.J58CV,134-167-O-3-16S,134,eye,16S,2018-2019,167-O-3,167,247,3,Festien,C,2019_C_167,C_167,AMEN,NA,Unknown,Sand
S96.167.O.2.16S_000000000.J53BN,96-167-O-2-16S,96,eye,16S,2018-2019,167-O-2,167,247,2,Festien,C,2019_C_167,C_167,AMEN,NA,Unknown,Sand
HeelEye2019.168.12.E.16S_000000000.JKRF4,HeelEye2019-168-12-E-16S,171,Eye,16S,2019-2020,168-12-E,168,168,12,Festien,C,2020_C_168,C_168,AMEN,NA,Unknown,Sand
HeelEye2019.168.34.E.16S_000000000.JFHYF,HeelEye2019-168-34-E-16S,2,Eye,16S,2019-2020,168-34-E,168,168,34,Festien,C,2020_C_168,C_168,AMEN,NA,Unknown,Sand
X11.169.1.O.16S_000000000.J99GR,11_169_1_O_16S,W11,eye,16S,2018-2019,169-O-1,169,249,1,Festien,C,2019_C_169,C_169,WIJSTER,Grasland,Grass,Sand
X29.169.3.O.16S_000000000.J99GR,29_169_3_O_16S,W29,eye,16S,2018-2019,169-O-3,169,249,3,Festien,C,2019_C_169,C_169,WIJSTER,Grasland,Grass,Sand
X41.169.4.O.16S_000000000.J99GR,41_169_4_O_16S,W41,eye,16S,2018-2019,169-O-4,169,249,4,Festien,C,2019_C_169,C_169,WIJSTER,Grasland,Grass,Sand
X52.169.2.O.16S_000000000.JCCFG,52-169-2-O-16S,X52,eye,16S,2018-2019,169-O-2,169,249,2,Festien,C,2019_C_169,C_169,WIJSTER,Grasland,Grass,Sand
HeelEye2019.169.12.E.16S_000000000.JKRF4,HeelEye2019-169-12-E-16S,192,Eye,16S,2019-2020,169-12-E,169,169,12,Festien,C,2020_C_169,C_169,AMEN,NA,Unknown,Sand
HeelEye2019.169.3.E.16S_000000000.JKRF4,HeelEye2019-169-3-E-16S,158,Eye,16S,2019-2020,169-3-E,169,169,3,Festien,C,2020_C_169,C_169,AMEN,NA,Unknown,Sand
X10.183.3.O.16S_000000000.J99GR,10_183_3_O_16S,W10,eye,16S,2018-2019,183-O-3,170,250,3,Festien,C,2019_C_170,C_170,WESTHOEK,NA,Unknown,Clay
X19.183.1.O.16S_000000000.J99GR,19_183_1_O_16S,W19,eye,16S,2018-2019,183-O-1,170,250,1,Festien,C,2019_C_170,C_170,WESTHOEK,NA,Unknown,Clay
X31.183.4.O.16S_000000000.J99GR,31_183_4_O_16S,W31,eye,16S,2018-2019,183-O-4,170,250,4,Festien,C,2019_C_170,C_170,WESTHOEK,NA,Unknown,Clay
X5.183.2.O.16S_000000000.J99GR,5_183_2_O_16S,W5,eye,16S,2018-2019,183-O-2,170,250,2,Festien,C,2019_C_170,C_170,WESTHOEK,NA,Unknown,Clay
HeelEye2019.170.12.E.16S_000000000.JMHTR,HeelEye2019-170-12-E-16S,655,Eye,16S,2019-2020,170-12-E,170,170,12,Festien,C,2020_C_170,C_170,ROLDE,NA,Unknown,Sand
HeelEye2019.170.34.E.16S_000000000.JKP3P,HeelEye2019-170-34-E-16S,103,Eye,16S,2019-2020,170-34-E,170,170,34,Festien,C,2020_C_170,C_170,ROLDE,NA,Unknown,Sand
HeelEye2019.171.12.E.16S_000000000.JMM89,HeelEye2019-171-12-E-16S,214,Eye,16S,2019-2020,171-12-E,171,171,12,Festien,C,2020_C_171,C_171,LUTTELGEEST,NA,Unknown,Sand
HeelEye2019.171.34.E.16S_000000000.JFHYF,HeelEye2019-171-34-E-16S,25,Eye,16S,2019-2020,171-34-E,171,171,34,Festien,C,2020_C_171,C_171,LUTTELGEEST,NA,Unknown,Sand
HeelEye2019.172.12.E.16S_000000000.JLB35,HeelEye2019-172-12-E-16S,489,Eye,16S,2019-2020,172-12-E,172,172,12,Festien,C,2020_C_172,C_172,WACHTUM,NA,Unknown,Sand
HeelEye2019.172.34.E.16S_000000000.JKRF4,HeelEye2019-172-34-E-16S,173,Eye,16S,2019-2020,172-34-E,172,172,34,Festien,C,2020_C_172,C_172,WACHTUM,NA,Unknown,Sand
HeelEye2019.173.12.E.16S_000000000.JMLM7,HeelEye2019-173-12-E-16S,380,Eye,16S,2019-2020,173-12-E,173,173,12,Festien,C,2020_C_173,C_173,HELLUM,NA,Unknown,Sand
HeelEye2019.173.34.E.16S_000000000.JLBCC,HeelEye2019-173-34-E-16S,597,Eye,16S,2019-2020,173-34-E,173,173,34,Festien,C,2020_C_173,C_173,HELLUM,NA,Unknown,Sand
HeelEye2019.174.12.E.16S_000000000.JLBMN,HeelEye2019-174-12-E-16S,416,Eye,16S,2019-2020,174-12-E,174,174,12,Festien,C,2020_C_174,C_174,HELLUM,NA,Unknown,Clay
HeelEye2019.174.34.E.16S_000000000.JMM89,HeelEye2019-174-34-E-16S,193,Eye,16S,2019-2020,174-34-E,174,174,34,Festien,C,2020_C_174,C_174,HELLUM,NA,Unknown,Clay
HeelEye2019.175.12.E.16S_000000000.JLHG5,HeelEye2019-175-12-E-16S,292,Eye,16S,2019-2020,175-12-E,175,175,12,Festien,C,2020_C_175,C_175,SIDDEBUREN,Tarwe en groenbemester,Wheat,Sand
HeelEye2019.175.34.E.16S_000000000.JK6WL,HeelEye2019-175-34-E-16S,688,Eye,16S,2019-2020,175-34-E,175,175,34,Festien,C,2020_C_175,C_175,SIDDEBUREN,Tarwe en groenbemester,Wheat,Sand
HeelEye2019.176.12.E.16S_000000000.JFHYF,HeelEye2019-176-12-E-16S,37,Eye,16S,2019-2020,176-12-E,176,176,12,Festien,C,2020_C_176,C_176,HOGE HEXEL,NA,Unknown,Sand
HeelEye2019.176.34.E.16S_000000000.JMHTR,HeelEye2019-176-34-E-16S,634,Eye,16S,2019-2020,176-34-E,176,176,34,Festien,C,2020_C_176,C_176,HOGE HEXEL,NA,Unknown,Sand
HeelEye2019.177.12.E.16S_000000000.JLBCC,HeelEye2019-177-12-E-16S,577,Eye,16S,2019-2020,177-12-E,177,177,12,Festien,C,2020_C_177,C_177,WIERDEN,NA,Unknown,Sand
HeelEye2019.177.34.E.16S_000000000.JMLN7,HeelEye2019-177-34-E-16S,563,Eye,16S,2019-2020,177-34-E,177,177,34,Festien,C,2020_C_177,C_177,WIERDEN,NA,Unknown,Sand
HeelEye2019.178.12.E.16S_000000000.JH6L7,HeelEye2019-178-12-E-16S,85,Eye,16S,2019-2020,178-12-E,178,178,12,Festien,C,2020_C_178,C_178,WIERDEN,NA,Unknown,Sand
HeelEye2019.178.34.E.16S_000000000.JH6L7,HeelEye2019-178-34-E-16S,50,Eye,16S,2019-2020,178-34-E,178,178,34,Festien,C,2020_C_178,C_178,WIERDEN,NA,Unknown,Sand
S127.178.O.3.16S_000000000.J58CV,127-178-O-3-16S,127,eye,16S,2018-2019,178-O-3,178,258,3,Festien,C,2019_C_178,C_178,LUTTELGEEST,NA,Unknown,Clay
S15.178.O.2.16S_000000000.J59B3,15-178-O-2-16S,15,eye,16S,2018-2019,178-O-2,178,258,2,Festien,C,2019_C_178,C_178,LUTTELGEEST,NA,Unknown,Clay
S69.178.O.4.16S_000000000.J53BN,69-178-O-4-16S,69,eye,16S,2018-2019,178-O-4,178,258,4,Festien,C,2019_C_178,C_178,LUTTELGEEST,NA,Unknown,Clay
S90.178.O.1.16S_000000000.J53BN,90-178-O-1-16S,90,eye,16S,2018-2019,178-O-1,178,258,1,Festien,C,2019_C_178,C_178,LUTTELGEEST,NA,Unknown,Clay
HeelEye2019.179.12.E.16S_000000000.JLBCC,HeelEye2019-179-12-E-16S,596,Eye,16S,2019-2020,179-12-E,179,179,12,Festien,C,2020_C_179,C_179,MARKNESSE,NA,Unknown,Clay
HeelEye2019.179.34.E.16S_000000000.JMHTR,HeelEye2019-179-34-E-16S,663,Eye,16S,2019-2020,179-34-E,179,179,34,Festien,C,2020_C_179,C_179,MARKNESSE,NA,Unknown,Clay
S148.157.O.4.16S_000000000.J52V7,148-157-O-4-16S,148,eye,16S,2018-2019,179-O-4,179,259,4,Festien,C,2019_C_179,C_179,RUTTEN,NA,Unknown,Clay
S156.157.O.3.16S_000000000.J52V7,156-157-O-3-16S,156,eye,16S,2018-2019,179-O-3,179,259,3,Festien,C,2019_C_179,C_179,RUTTEN,NA,Unknown,Clay
S191.157.O.2.16S_000000000.J52V7,191-157-O-2-16S,191,eye,16S,2018-2019,179-O-2,179,259,2,Festien,C,2019_C_179,C_179,RUTTEN,NA,Unknown,Clay
S87.157.O.1.16S_000000000.J53BN,87-157-O-1-16S,87,eye,16S,2018-2019,179-O-1,179,259,1,Festien,C,2019_C_179,C_179,RUTTEN,NA,Unknown,Clay
HeelEye2019.180.12.E.16S_000000000.JMHTR,HeelEye2019-180-12-E-16S,640,Eye,16S,2019-2020,180-12-E,180,180,12,Festien,C,2020_C_180,C_180,WIJSTER,NA,Unknown,Sand
HeelEye2019.180.34.E.16S_000000000.JMM89,HeelEye2019-180-34-E-16S,199,Eye,16S,2019-2020,180-34-E,180,180,34,Festien,C,2020_C_180,C_180,WIJSTER,NA,Unknown,Sand
S135.180.O.2.16S_000000000.J58CV,135-180-O-2-16S,135,eye,16S,2018-2019,180-O-2,180,260,2,Festien,C,2019_C_180,C_180,RUTTEN,NA,Unknown,Sand
S84.180.O.4.16S_000000000.J53BN,84-180-O-4-16S,84,eye,16S,2018-2019,180-O-4,180,260,4,Festien,C,2019_C_180,C_180,RUTTEN,NA,Unknown,Sand
S9.180.O.1.16S_000000000.J59B3,9-180-O-1-16S,9,eye,16S,2018-2019,180-O-1,180,260,1,Festien,C,2019_C_180,C_180,RUTTEN,NA,Unknown,Sand
HeelEye2019.61.12.E.16S_000000000.JLB35,HeelEye2019-61-12-E-16S,481,Eye,16S,2019-2020,61-12-E,61,61,12,Innovator,D,2020_D_61,D_61,EENUM,tarwe en groenbemester,Wheat,Clay
HeelEye2019.61.34.E.16S_000000000.JFHYF,HeelEye2019-61-34-E-16S,33,Eye,16S,2019-2020,61-34-E,61,61,34,Innovator,D,2020_D_61,D_61,EENUM,tarwe en groenbemester,Wheat,Clay
HeelEye2019.62.12.E.16S_000000000.JMMDW,HeelEye2019-62-12-E-16S,443,Eye,16S,2019-2020,62-12-E,62,62,12,Innovator,D,2020_D_62,D_62,HOLWIERDE,NA,Unknown,Clay
HeelEye2019.62.34.E.16S_000000000.JH6L7,HeelEye2019-62-34-E-16S,57,Eye,16S,2019-2020,62-34-E,62,62,34,Innovator,D,2020_D_62,D_62,HOLWIERDE,NA,Unknown,Clay
X24.63.3.O.16S_000000000.J99GR,24_63_3_O_16S,W24,eye,16S,2018-2019,63-O-3,63,63,3,Innovator,D,2019_D_63,D_63,FERWERT,Brouwgerst en gras,Barley,Clay
HeelEye2019.63.12.E.16S_000000000.JKP74,HeelEye2019-63-12-E-16S,273,Eye,16S,2019-2020,63-12-E,63,63,12,Innovator,D,2020_D_63,D_63,USQUERT,NA,Unknown,Clay
HeelEye2019.63.34.E.16S_000000000.JK6WL,HeelEye2019-63-34-E-16S,685,Eye,16S,2019-2020,63-34-E,63,63,34,Innovator,D,2020_D_63,D_63,USQUERT,NA,Unknown,Clay
S34.63.O.4.16S_000000000.J59B3,34-63-O-4-16S,34,eye,16S,2018-2019,63-O-4,63,63,4,Innovator,D,2019_D_63,D_63,FERWERT,Brouwgerst en gras,Barley,Clay
S57.63.O.2.16S_000000000.J53BN,57-63-O-2-16S,57,eye,16S,2018-2019,63-O-2,63,63,2,Innovator,D,2019_D_63,D_63,FERWERT,Brouwgerst en gras,Barley,Clay
S76.63.O.1.16S_000000000.J53BN,76-63-O-1-16S,76,eye,16S,2018-2019,63-O-1,63,63,1,Innovator,D,2019_D_63,D_63,FERWERT,Brouwgerst en gras,Barley,Clay
HeelEye2019.64.12.E.16S_000000000.JLBCC,HeelEye2019-64-12-E-16S,613,Eye,16S,2019-2020,64-12-E,64,64,12,Innovator,D,2020_D_64,D_64,USQUERT,NA,Unknown,Clay
HeelEye2019.64.34.E.16S_000000000.JLHG5,HeelEye2019-64-34-E-16S,304,Eye,16S,2019-2020,64-34-E,64,64,34,Innovator,D,2020_D_64,D_64,USQUERT,NA,Unknown,Clay
HeelEye2019.65.12.E.16S_000000000.JKP3P,HeelEye2019-65-12-E-16S,137,Eye,16S,2019-2020,65-12-E,65,65,12,Innovator,D,2020_D_65,D_65,ZANDEWEER,Wintertarwe,Wheat,Clay
HeelEye2019.65.34.E.16S_000000000.JLBMN,HeelEye2019-65-34-E-16S,413,Eye,16S,2019-2020,65-34-E,65,65,34,Innovator,D,2020_D_65,D_65,ZANDEWEER,Wintertarwe,Wheat,Clay
S136.65.O.3.16S_000000000.J58CV,136-65-O-3-16S,136,eye,16S,2018-2019,65-O-3,65,65,3,Innovator,D,2019_D_65,D_65,ANNA PAULOWNA,Suikerbieten,Sugar beet,Clay
S144.65.O.2.16S_000000000.J58CV,144-65-O-2-16S,144,eye,16S,2018-2019,65-O-2,65,65,2,Innovator,D,2019_D_65,D_65,ANNA PAULOWNA,Suikerbieten,Sugar beet,Clay
S147.65.O.4.16S_000000000.J52V7,147-65-O-4-16S,147,eye,16S,2018-2019,65-O-4,65,65,4,Innovator,D,2019_D_65,D_65,ANNA PAULOWNA,Suikerbieten,Sugar beet,Clay
S155.65.O.1.16S_000000000.J52V7,155-65-O-1-16S,155,eye,16S,2018-2019,65-O-1,65,65,1,Innovator,D,2019_D_65,D_65,ANNA PAULOWNA,Suikerbieten,Sugar beet,Clay
HeelEye2019.66.12.E.16S_000000000.JFHYF,HeelEye2019-66-12-E-16S,44,Eye,16S,2019-2020,66-12-E,66,66,12,Innovator,D,2020_D_66,D_66,UITHUIZERMEEDEN,Bieten,Sugar beet,Clay
HeelEye2019.66.34.E.16S_000000000.JMLN7,HeelEye2019-66-34-E-16S,542,Eye,16S,2019-2020,66-34-E,66,66,34,Innovator,D,2020_D_66,D_66,UITHUIZERMEEDEN,Bieten,Sugar beet,Clay
HeelEye2019.67.12.E.16S_000000000.JK6WL,HeelEye2019-67-12-E-16S,698,Eye,16S,2019-2020,67-12-E,67,67,12,Innovator,D,2020_D_67,D_67,WARFFUM,Wintertarwe,Wheat,Clay
HeelEye2019.67.34.E.16S_000000000.JMM89,HeelEye2019-67-34-E-16S,220,Eye,16S,2019-2020,67-34-E,67,67,34,Innovator,D,2020_D_67,D_67,WARFFUM,Wintertarwe,Wheat,Clay
HeelEye2019.68.12.E.16S_000000000.JKP74,HeelEye2019-68-12-E-16S,249,Eye,16S,2019-2020,68-12-E,68,68,12,Innovator,D,2020_D_68,D_68,MUNNEKEZIJL,NA,Unknown,Clay
HeelEye2019.68.34.E.16S_000000000.JLHG5,HeelEye2019-68-34-E-16S,297,Eye,16S,2019-2020,68-34-E,68,68,34,Innovator,D,2020_D_68,D_68,MUNNEKEZIJL,NA,Unknown,Clay
HeelEye2019.69.12.E.16S_000000000.JH6L7,HeelEye2019-69-12-E-16S,89,Eye,16S,2019-2020,69-12-E,69,69,12,Innovator,D,2020_D_69,D_69,ANJUM,NA,Unknown,Clay
HeelEye2019.69.34.E.16S_000000000.JMLN7,HeelEye2019-69-34-E-16S,561,Eye,16S,2019-2020,69-34-E,69,69,34,Innovator,D,2020_D_69,D_69,ANJUM,NA,Unknown,Clay
HeelEye2019.70.12.E.16S_000000000.JLHG5,HeelEye2019-70-12-E-16S,323,Eye,16S,2019-2020,70-12-E,70,70,12,Innovator,D,2020_D_70,D_70,FERWERT,NA,Unknown,Clay
HeelEye2019.70.34.E.16S_000000000.JMHTR,HeelEye2019-70-34-E-16S,631,Eye,16S,2019-2020,70-34-E,70,70,34,Innovator,D,2020_D_70,D_70,FERWERT,NA,Unknown,Clay
HeelEye2019.71.12.E.16S_000000000.JMLN7,HeelEye2019-71-12-E-16S,558,Eye,16S,2019-2020,71-12-E,71,71,12,Innovator,D,2020_D_71,D_71,MARRUM,NA,Unknown,Clay
HeelEye2019.71.34.E.16S_000000000.JKRF4,HeelEye2019-71-34-E-16S,175,Eye,16S,2019-2020,71-34-E,71,71,34,Innovator,D,2020_D_71,D_71,MARRUM,NA,Unknown,Clay
HeelEye2019.72.12.E.16S_000000000.JMLM7,HeelEye2019-72-12-E-16S,364,Eye,16S,2019-2020,72-12-E,72,72,12,Innovator,D,2020_D_72,D_72,WESTHOEK,NA,Unknown,Clay
HeelEye2019.72.34.E.16S_000000000.JLBCC,HeelEye2019-72-34-E-16S,611,Eye,16S,2019-2020,72-34-E,72,72,34,Innovator,D,2020_D_72,D_72,WESTHOEK,NA,Unknown,Clay
HeelEye2019.73.12.E.16S_000000000.JKRF4,HeelEye2019-73-12-E-16S,184,Eye,16S,2019-2020,73-12-E,73,73,12,Innovator,D,2020_D_73,D_73,DRONRIJP,Zomertarwe,Wheat,Clay
HeelEye2019.73.34.E.16S_000000000.JFHYF,HeelEye2019-73-34-E-16S,17,Eye,16S,2019-2020,73-34-E,73,73,34,Innovator,D,2020_D_73,D_73,DRONRIJP,Zomertarwe,Wheat,Clay
HeelEye2019.74.12.E.16S_000000000.JMLM7,HeelEye2019-74-12-E-16S,348,Eye,16S,2019-2020,74-12-E,74,74,12,Innovator,D,2020_D_74,D_74,OUDE BILDTZIJL,NA,Unknown,Clay
HeelEye2019.74.34.E.16S_000000000.JMM89,HeelEye2019-74-34-E-16S,235,Eye,16S,2019-2020,74-34-E,74,74,34,Innovator,D,2020_D_74,D_74,OUDE BILDTZIJL,NA,Unknown,Clay
X17.75.2.O.16S_000000000.J99GR,17_75_2_O_16S,W17,eye,16S,2018-2019,75-O-2,75,75,2,Innovator,D,2019_D_75,D_75,TOLLEBEEK,Witlof,Chicory,Clay
HeelEye2019.75.12.E.16S_000000000.JMLN7,HeelEye2019-75-12-E-16S,536,Eye,16S,2019-2020,75-12-E,75,75,12,Innovator,D,2020_D_75,D_75,OUDE BILDTZIJL,Suikerbieten,Sugar beet,Clay
HeelEye2019.75.34.E.16S_000000000.JMM89,HeelEye2019-75-34-E-16S,236,Eye,16S,2019-2020,75-34-E,75,75,34,Innovator,D,2020_D_75,D_75,OUDE BILDTZIJL,Suikerbieten,Sugar beet,Clay
S107.75.O.3.16S_000000000.J58CV,107-75-O-3-16S,107,eye,16S,2018-2019,75-O-3,75,75,3,Innovator,D,2019_D_75,D_75,TOLLEBEEK,Witlof,Chicory,Clay
S179.75.O.4.16S_000000000.J52V7,179-75-O-4-16S,179,eye,16S,2018-2019,75-O-4,75,75,4,Innovator,D,2019_D_75,D_75,TOLLEBEEK,Witlof,Chicory,Clay
S186.75.O.1.16S_000000000.J52V7,186-75-O-1-16S,186,eye,16S,2018-2019,75-O-1,75,75,1,Innovator,D,2019_D_75,D_75,TOLLEBEEK,Witlof,Chicory,Clay
HeelEye2019.76.12.E.16S_000000000.JLHG5,HeelEye2019-76-12-E-16S,331,Eye,16S,2019-2020,76-12-E,76,76,12,Innovator,D,2020_D_76,D_76,PINGJUM,Grasland,Grass,Clay
HeelEye2019.76.34.E.16S_000000000.JKP74,HeelEye2019-76-34-E-16S,282,Eye,16S,2019-2020,76-34-E,76,76,34,Innovator,D,2020_D_76,D_76,PINGJUM,Grasland,Grass,Clay
S102.76.O.4.16S_000000000.J58CV,102-76-O-4-16S,102,eye,16S,2018-2019,76-O-4,76,76,4,Innovator,D,2019_D_76,D_76,WIJNALDUM,Tarwe,Wheat,Clay
S104.76.O.3.16S_000000000.J58CV,104-76-O-3-16S,104,eye,16S,2018-2019,76-O-3,76,76,3,Innovator,D,2019_D_76,D_76,WIJNALDUM,Tarwe,Wheat,Clay
S106.76.O.2.16S_000000000.J58CV,106-76-O-2-16S,106,eye,16S,2018-2019,76-O-2,76,76,2,Innovator,D,2019_D_76,D_76,WIJNALDUM,Tarwe,Wheat,Clay
S35.76.O.1.16S_000000000.J59B3,35-76-O-1-16S,35,eye,16S,2018-2019,76-O-1,76,76,1,Innovator,D,2019_D_76,D_76,WIJNALDUM,Tarwe,Wheat,Clay
HeelEye2019.77.12.E.16S_000000000.JKP74,HeelEye2019-77-12-E-16S,247,Eye,16S,2019-2020,77-12-E,77,77,12,Innovator,D,2020_D_77,D_77,PIETERSBIERUM,NA,Unknown,Clay
HeelEye2019.77.34.E.16S_000000000.JKP74,HeelEye2019-77-34-E-16S,268,Eye,16S,2019-2020,77-34-E,77,77,34,Innovator,D,2020_D_77,D_77,PIETERSBIERUM,NA,Unknown,Clay
S177.77.O.3.16S_000000000.J52V7,177-77-O-3-16S,177,eye,16S,2018-2019,77-O-3,77,77,3,Innovator,D,2019_D_77,D_77,Pietersbierum,Suikerbieten,Sugar beet,Clay
S2.77.O.2.16S_000000000.J59B3,2-77-O-2-16S,2,eye,16S,2018-2019,77-O-2,77,77,2,Innovator,D,2019_D_77,D_77,Pietersbierum,Suikerbieten,Sugar beet,Clay
S71.77.O.4.16S_000000000.J53BN,71-77-O-4-16S,71,eye,16S,2018-2019,77-O-4,77,77,4,Innovator,D,2019_D_77,D_77,Pietersbierum,Suikerbieten,Sugar beet,Clay
S8.77.O.1.16S_000000000.J59B3,8-77-O-1-16S,8,eye,16S,2018-2019,77-O-1,77,77,1,Innovator,D,2019_D_77,D_77,Pietersbierum,Suikerbieten,Sugar beet,Clay
HeelEye2019.78.12.E.16S_000000000.JMLN7,HeelEye2019-78-12-E-16S,556,Eye,16S,2019-2020,78-12-E,78,78,12,Innovator,D,2020_D_78,D_78,RUTTEN,Graszaad,Grass,Clay
HeelEye2019.78.34.E.16S_000000000.JFHYF,HeelEye2019-78-34-E-16S,26,Eye,16S,2019-2020,78-34-E,78,78,34,Innovator,D,2020_D_78,D_78,RUTTEN,Graszaad,Grass,Clay
HeelEye2019.79.12.E.16S_000000000.JMLM7,HeelEye2019-79-12-E-16S,368,Eye,16S,2019-2020,79-12-E,79,79,12,Innovator,D,2020_D_79,D_79,CREIL,NA,Unknown,Clay
HeelEye2019.79.34.E.16S_000000000.JLBCC,HeelEye2019-79-34-E-16S,581,Eye,16S,2019-2020,79-34-E,79,79,34,Innovator,D,2020_D_79,D_79,CREIL,NA,Unknown,Clay
S126.76.O.3.16S_000000000.J58CV,126-76-O-3-16S,126,eye,16S,2018-2019,79-O-4,79,79,4,Innovator,D,2019_D_79,D_79,MARKNESSE,Wintertarwe,Wheat,Clay
S132.76.O.4.16S_000000000.J58CV,132-76-O-4-16S,132,eye,16S,2018-2019,79-O-3,79,79,3,Innovator,D,2019_D_79,D_79,MARKNESSE,Wintertarwe,Wheat,Clay
S151.76.O.2.16S_000000000.J52V7,151-76-O-2-16S,151,eye,16S,2018-2019,79-O-2,79,79,2,Innovator,D,2019_D_79,D_79,MARKNESSE,Wintertarwe,Wheat,Clay
S80.76.O.1.16S_000000000.J53BN,80-76-O-1-16S,80,eye,16S,2018-2019,79-O-1,79,79,1,Innovator,D,2019_D_79,D_79,MARKNESSE,Wintertarwe,Wheat,Clay
HeelEye2019.80.12.E.16S_000000000.JLBMN,HeelEye2019-80-12-E-16S,424,Eye,16S,2019-2020,80-12-E,80,80,12,Innovator,D,2020_D_80,D_80,EMMELOORD,NA,Unknown,Clay
HeelEye2019.80.34.E.16S_000000000.JLB35,HeelEye2019-80-34-E-16S,508,Eye,16S,2019-2020,80-34-E,80,80,34,Innovator,D,2020_D_80,D_80,EMMELOORD,NA,Unknown,Clay
S110.80.O.1.16S_000000000.J58CV,110-80-O-1-16S,110,eye,16S,2018-2019,80-O-1,80,80,1,Innovator,D,2019_D_80,D_80,LUTTELGEEST,NA,Unknown,Clay
S16.80.O.4.16S_000000000.J59B3,16-80-O-4-16S,16,eye,16S,2018-2019,80-O-4,80,80,4,Innovator,D,2019_D_80,D_80,LUTTELGEEST,NA,Unknown,Clay
S49.80.O.2.16S_000000000.J53BN,49-80-O-2-16S,49,eye,16S,2018-2019,80-O-2,80,80,2,Innovator,D,2019_D_80,D_80,LUTTELGEEST,NA,Unknown,Clay
S88.80.O.3.16S_000000000.J53BN,88-80-O-3-16S,88,eye,16S,2018-2019,80-O-3,80,80,3,Innovator,D,2019_D_80,D_80,LUTTELGEEST,NA,Unknown,Clay
HeelEye2019.81.12.E.16S_000000000.JMLM7,HeelEye2019-81-12-E-16S,362,Eye,16S,2019-2020,81-12-E,81,81,12,Innovator,D,2020_D_81,D_81,EMMELOORD,Uien,Onion,Clay
HeelEye2019.81.34.E.16S_000000000.JFHYF,HeelEye2019-81-34-E-16S,11,Eye,16S,2019-2020,81-34-E,81,81,34,Innovator,D,2020_D_81,D_81,EMMELOORD,Uien,Onion,Clay
HeelEye2019.82.12.E.16S_000000000.JFHYF,HeelEye2019-82-12-E-16S,13,Eye,16S,2019-2020,82-12-E,82,82,12,Innovator,D,2020_D_82,D_82,RUTTEN,Uien,Onion,Clay
HeelEye2019.82.34.E.16S_000000000.JLHG5,HeelEye2019-82-34-E-16S,314,Eye,16S,2019-2020,82-34-E,82,82,34,Innovator,D,2020_D_82,D_82,RUTTEN,Uien,Onion,Clay
HeelEye2019.83.12.E.16S_000000000.JKP3P,HeelEye2019-83-12-E-16S,136,Eye,16S,2019-2020,83-12-E,83,83,12,Innovator,D,2020_D_83,D_83,ESPEL,Lely,Lily,Clay
HeelEye2019.83.34.E.16S_000000000.JFHYF,HeelEye2019-83-34-E-16S,43,Eye,16S,2019-2020,83-34-E,83,83,34,Innovator,D,2020_D_83,D_83,ESPEL,Lely,Lily,Clay
HeelEye2019.84.12.E.16S_000000000.JMLM7,HeelEye2019-84-12-E-16S,382,Eye,16S,2019-2020,84-12-E,84,84,12,Innovator,D,2020_D_84,D_84,SWIFTERBANT,Suikerbieten,Sugar beet,Clay
HeelEye2019.84.4.E.16S_000000000.JMLN7,HeelEye2019-84-4-E-16S,552,Eye,16S,2019-2020,84-4-E,84,84,4,Innovator,D,2020_D_84,D_84,SWIFTERBANT,Suikerbieten,Sugar beet,Clay
HeelEye2019.85.12.E.16S_000000000.JMLN7,HeelEye2019-85-12-E-16S,566,Eye,16S,2019-2020,85-12-E,85,85,12,Innovator,D,2020_D_85,D_85,NAGELE,Tulpen,Tulip,Clay
HeelEye2019.85.34.E.16S_000000000.JLBMN,HeelEye2019-85-34-E-16S,422,Eye,16S,2019-2020,85-34-E,85,85,34,Innovator,D,2020_D_85,D_85,NAGELE,Tulpen,Tulip,Clay
X28.86.2.O.16S_000000000.J99GR,28_86_2_O_16S,W28,eye,16S,2018-2019,86-O-2,86,86,2,Innovator,D,2019_D_86,D_86,WESTHOEK,Graszaad tweejarig,Grass,Clay
HeelEye2019.86.12.E.16S_000000000.JKRF4,HeelEye2019-86-12-E-16S,159,Eye,16S,2019-2020,86-12-E,86,86,12,Innovator,D,2020_D_86,D_86,NAGELE,NA,Unknown,Clay
HeelEye2019.86.34.E.16S_000000000.JKP3P,HeelEye2019-86-34-E-16S,118,Eye,16S,2019-2020,86-34-E,86,86,34,Innovator,D,2020_D_86,D_86,NAGELE,NA,Unknown,Clay
S139.86.O.1.16S_000000000.J58CV,139-86-O-1-16S,139,eye,16S,2018-2019,86-O-1,86,86,1,Innovator,D,2019_D_86,D_86,WESTHOEK,Graszaad tweejarig,Grass,Clay
S20.86.O.3.16S_000000000.J59B3,20-86-O-3-16S,20,eye,16S,2018-2019,86-O-3,86,86,3,Innovator,D,2019_D_86,D_86,WESTHOEK,Graszaad tweejarig,Grass,Clay
S93.86.O.4.16S_000000000.J53BN,93-86-O-4-16S,93,eye,16S,2018-2019,86-O-4,86,86,4,Innovator,D,2019_D_86,D_86,WESTHOEK,Graszaad tweejarig,Grass,Clay
HeelEye2019.87.12.E.16S_000000000.JMLM7,HeelEye2019-87-12-E-16S,343,Eye,16S,2019-2020,87-12-E,87,87,12,Innovator,D,2020_D_87,D_87,LUTTELGEEST,Tulpen,Tulip,Clay
HeelEye2019.87.34.E.16S_000000000.JMMDW,HeelEye2019-87-34-E-16S,475,Eye,16S,2019-2020,87-34-E,87,87,34,Innovator,D,2020_D_87,D_87,LUTTELGEEST,Tulpen,Tulip,Clay
X40.88.4.O.16S_000000000.J99GR,40_88_4_O_16S,W40,eye,16S,2018-2019,88-O-4,88,88,4,Innovator,D,2019_D_88,D_88,LUTTELGEEST,Bieten,Sugar beet,Clay
HeelEye2019.88.12.E.16S_000000000.JK6WL,HeelEye2019-88-12-E-16S,684,Eye,16S,2019-2020,88-12-E,88,88,12,Innovator,D,2020_D_88,D_88,MARKNESSE,Bollen,Tulip,Clay
HeelEye2019.88.34.E.16S_000000000.JFHYF,HeelEye2019-88-34-E-16S,18,Eye,16S,2019-2020,88-34-E,88,88,34,Innovator,D,2020_D_88,D_88,MARKNESSE,Bollen,Tulip,Clay
S152.88.O.3.16S_000000000.J52V7,152-88-O-3-16S,152,eye,16S,2018-2019,88-O-3,88,88,3,Innovator,D,2019_D_88,D_88,LUTTELGEEST,Bieten,Sugar beet,Clay
S190.88.O.1.16S_000000000.J52V7,190-88-O-1-16S,190,eye,16S,2018-2019,88-O-1,88,88,1,Innovator,D,2019_D_88,D_88,LUTTELGEEST,Bieten,Sugar beet,Clay
S67.88.O.2.16S_000000000.J53BN,67-88-O-2-16S,67,eye,16S,2018-2019,88-O-2,88,88,2,Innovator,D,2019_D_88,D_88,LUTTELGEEST,Bieten,Sugar beet,Clay
HeelEye2019.89.12.E.16S_000000000.JKRF4,HeelEye2019-89-12-E-16S,190,Eye,16S,2019-2020,89-12-E,89,89,12,Innovator,D,2020_D_89,D_89,ANNA PAULOWNA,NA,Unknown,Clay
HeelEye2019.89.34.E.16S_000000000.JKP3P,HeelEye2019-89-34-E-16S,142,Eye,16S,2019-2020,89-34-E,89,89,34,Innovator,D,2020_D_89,D_89,ANNA PAULOWNA,NA,Unknown,Clay
S113.89.O.4.16S_000000000.J58CV,113-89-O-4-16S,113,eye,16S,2018-2019,89-O-4,89,89,4,Innovator,D,2019_D_89,D_89,DREISCHOR,Uien,Onion,Clay
S128.89.O.1.16S_000000000.J58CV,128-89-O-1-16S,128,eye,16S,2018-2019,89-O-1,89,89,1,Innovator,D,2019_D_89,D_89,DREISCHOR,Uien,Onion,Clay
S182.89.O.2.16S_000000000.J52V7,182-89-O-2-16S,182,eye,16S,2018-2019,89-O-2,89,89,2,Innovator,D,2019_D_89,D_89,DREISCHOR,Uien,Onion,Clay
S66.89.O.3.16S_000000000.J53BN,66-89-O-3-16S,66,eye,16S,2018-2019,89-O-3,89,89,3,Innovator,D,2019_D_89,D_89,DREISCHOR,Uien,Onion,Clay
HeelEye2019.90.12.E.16S_000000000.JMLM7,HeelEye2019-90-12-E-16S,341,Eye,16S,2019-2020,90-12-E,90,90,12,Innovator,D,2020_D_90,D_90,DREISCHOR,Plantuien,Onion,Clay
HeelEye2019.90.34.E.16S_000000000.JMHTR,HeelEye2019-90-34-E-16S,646,Eye,16S,2019-2020,90-34-E,90,90,34,Innovator,D,2020_D_90,D_90,DREISCHOR,Plantuien,Onion,Clay
HeelEye2019.100.12.E.16S_000000000.JMM89,HeelEye2019-100-12-E-16S,238,Eye,16S,2019-2020,100-12-E,100,100,12,Sagitta,E,2020_E_100,E_100,MARRUM,Suikerbieten,Sugar beet,Clay
HeelEye2019.100.34.E.16S_000000000.JLHG5,HeelEye2019-100-34-E-16S,299,Eye,16S,2019-2020,100-34-E,100,100,34,Sagitta,E,2020_E_100,E_100,MARRUM,Suikerbieten,Sugar beet,Clay
S30.100.O.1.16S_000000000.J59B3,30-100-O-1-16S,30,eye,16S,2018-2019,100-O-1,100,100,1,Sagitta,E,2019_E_100,E_100,KRUISLAND,Tarwe,Wheat,Clay
S32.100.O.4.16S_000000000.J59B3,32-100-O-4-16S,32,eye,16S,2018-2019,100-O-4,100,100,4,Sagitta,E,2019_E_100,E_100,KRUISLAND,Tarwe,Wheat,Clay
S58.100.O.3.16S_000000000.J53BN,58-100-O-3-16S,58,eye,16S,2018-2019,100-O-3,100,100,3,Sagitta,E,2019_E_100,E_100,KRUISLAND,Tarwe,Wheat,Clay
S63.100.O.2.16S_000000000.J53BN,63-100-O-2-16S,63,eye,16S,2018-2019,100-O-2,100,100,2,Sagitta,E,2019_E_100,E_100,KRUISLAND,Tarwe,Wheat,Clay
HeelEye2019.101.12.E.16S_000000000.JLBCC,HeelEye2019-101-12-E-16S,593,Eye,16S,2019-2020,101-12-E,101,101,12,Sagitta,E,2020_E_101,E_101,MARRUM,Wintertarwe + groenbemester,Wheat,Clay
HeelEye2019.101.34.E.16S_000000000.JLBCC,HeelEye2019-101-34-E-16S,587,Eye,16S,2019-2020,101-34-E,101,101,34,Sagitta,E,2020_E_101,E_101,MARRUM,Wintertarwe + groenbemester,Wheat,Clay
HeelEye2019.102.12.E.16S_000000000.JMMDW,HeelEye2019-102-12-E-16S,477,Eye,16S,2019-2020,102-12-E,102,102,12,Sagitta,E,2020_E_102,E_102,MARRUM,NA,Unknown,Clay
HeelEye2019.102.3.E.16S_000000000.JKP74,HeelEye2019-102-3-E-16S,242,Eye,16S,2019-2020,102-3-E,102,102,3,Sagitta,E,2020_E_102,E_102,MARRUM,NA,Unknown,Clay
X43.103.3.O.16S_000000000.J99GR,43_103_3_O_16S,W43,eye,16S,2018-2019,103-O-3,103,103,3,Sagitta,E,2019_E_103,E_103,MARRUM,NA,Unknown,Clay
HeelEye2019.103.12.E.16S_000000000.JKP3P,HeelEye2019-103-12-E-16S,98,Eye,16S,2019-2020,103-12-E,103,103,12,Sagitta,E,2020_E_103,E_103,ESPEL,Tarwe,Wheat,Clay
HeelEye2019.103.34.E.16S_000000000.JMHTR,HeelEye2019-103-34-E-16S,664,Eye,16S,2019-2020,103-34-E,103,103,34,Sagitta,E,2020_E_103,E_103,ESPEL,Tarwe,Wheat,Clay
S11.103.O.1.16S_000000000.J59B3,11-103-O-1-16S,11,eye,16S,2018-2019,103-O-1,103,103,1,Sagitta,E,2019_E_103,E_103,MARRUM,NA,Unknown,Clay
S141.103.O.2.16S_000000000.J58CV,141-103-O-2-16S,141,eye,16S,2018-2019,103-O-2,103,103,2,Sagitta,E,2019_E_103,E_103,MARRUM,NA,Unknown,Clay
S184.103.O.4.16S_000000000.J52V7,184-103-O-4-16S,184,eye,16S,2018-2019,103-O-4,103,103,4,Sagitta,E,2019_E_103,E_103,MARRUM,NA,Unknown,Clay
HeelEye2019.104.12.E.16S_000000000.JH6L7,HeelEye2019-104-12-E-16S,67,Eye,16S,2019-2020,104-12-E,104,104,12,Sagitta,E,2020_E_104,E_104,EMMELOORD,Gerst,Barley,Clay
HeelEye2019.104.34.E.16S_000000000.JKP3P,HeelEye2019-104-34-E-16S,112,Eye,16S,2019-2020,104-34-E,104,104,34,Sagitta,E,2020_E_104,E_104,EMMELOORD,Gerst,Barley,Clay
S10.104.O.1.16S_000000000.J59B3,10-104-O-1-16S,10,eye,16S,2018-2019,104-O-1,104,104,1,Sagitta,E,2019_E_104,E_104,EMMELOORD,Suikerbieten,Sugar beet,Clay
S154.104.O.2.16S_000000000.J52V7,154-104-O-2-16S,154,eye,16S,2018-2019,104-O-2,104,104,2,Sagitta,E,2019_E_104,E_104,EMMELOORD,Suikerbieten,Sugar beet,Clay
S26.104.O.3.16S_000000000.J59B3,26-104-O-3-16S,26,eye,16S,2018-2019,104-O-3,104,104,3,Sagitta,E,2019_E_104,E_104,EMMELOORD,Suikerbieten,Sugar beet,Clay
HeelEye2019.105.12.E.16S_000000000.JH6L7,HeelEye2019-105-12-E-16S,77,Eye,16S,2019-2020,105-12-E,105,105,12,Sagitta,E,2020_E_105,E_105,BANT,Sjalotten,Onion,Clay
HeelEye2019.105.34.E.16S_000000000.JLHG5,HeelEye2019-105-34-E-16S,289,Eye,16S,2019-2020,105-34-E,105,105,34,Sagitta,E,2020_E_105,E_105,BANT,Sjalotten,Onion,Clay
HeelEye2019.106.12.E.16S_000000000.JLHG5,HeelEye2019-106-12-E-16S,330,Eye,16S,2019-2020,106-12-E,106,106,12,Sagitta,E,2020_E_106,E_106,ESPEL,Suikerbieten,Sugar beet,Clay
HeelEye2019.106.34.E.16S_000000000.JKP74,HeelEye2019-106-34-E-16S,263,Eye,16S,2019-2020,106-34-E,106,106,34,Sagitta,E,2020_E_106,E_106,ESPEL,Suikerbieten,Sugar beet,Clay
X68.107.3.O.16S_000000000.JCCFG,68-107-3-O-16S,X68,eye,16S,2018-2019,107-O-3,107,107,3,Sagitta,E,2019_E_107,E_107,ENS,Mais,Maize,Clay
HeelEye2019.107.12.E.16S_000000000.JMLM7,HeelEye2019-107-12-E-16S,375,Eye,16S,2019-2020,107-12-E,107,107,12,Sagitta,E,2020_E_107,E_107,SWIFTERBANT,Suikerbieten,Sugar beet,Clay
HeelEye2019.107.34.E.16S_000000000.JLBCC,HeelEye2019-107-34-E-16S,591,Eye,16S,2019-2020,107-34-E,107,107,34,Sagitta,E,2020_E_107,E_107,SWIFTERBANT,Suikerbieten,Sugar beet,Clay
S171.107.O.1.16S_000000000.J52V7,171-107-O-1-16S,171,eye,16S,2018-2019,107-O-1,107,107,1,Sagitta,E,2019_E_107,E_107,ENS,Mais,Maize,Clay
S174.107.O.2.16S_000000000.J52V7,174-107-O-2-16S,174,eye,16S,2018-2019,107-O-2,107,107,2,Sagitta,E,2019_E_107,E_107,ENS,Mais,Maize,Clay
S178.107.O.4.16S_000000000.J52V7,178-107-O-4-16S,178,eye,16S,2018-2019,107-O-4,107,107,4,Sagitta,E,2019_E_107,E_107,ENS,Mais,Maize,Clay
HeelEye2019.108.12.E.16S_000000000.JKP74,HeelEye2019-108-12-E-16S,244,Eye,16S,2019-2020,108-12-E,108,108,12,Sagitta,E,2020_E_108,E_108,KRAGGENBURG,NA,Unknown,Clay
HeelEye2019.108.34.E.16S_000000000.JMMDW,HeelEye2019-108-34-E-16S,459,Eye,16S,2019-2020,108-34-E,108,108,34,Sagitta,E,2020_E_108,E_108,KRAGGENBURG,NA,Unknown,Clay
HeelEye2019.109.12.E.16S_000000000.JMLM7,HeelEye2019-109-12-E-16S,355,Eye,16S,2019-2020,109-12-E,109,109,12,Sagitta,E,2020_E_109,E_109,NAGELE,Uien,Onion,Clay
HeelEye2019.109.34.E.16S_000000000.JMLM7,HeelEye2019-109-34-E-16S,371,Eye,16S,2019-2020,109-34-E,109,109,34,Sagitta,E,2020_E_109,E_109,NAGELE,Uien,Onion,Clay
HeelEye2019.110.12.E.16S_000000000.JLHG5,HeelEye2019-110-12-E-16S,320,Eye,16S,2019-2020,110-12-E,110,110,12,Sagitta,E,2020_E_110,E_110,ENS,NA,Unknown,Clay
HeelEye2019.110.34.E.16S_000000000.JLHG5,HeelEye2019-110-34-E-16S,322,Eye,16S,2019-2020,110-34-E,110,110,34,Sagitta,E,2020_E_110,E_110,ENS,NA,Unknown,Clay
HeelEye2019.111.12.E.16S_000000000.JLBMN,HeelEye2019-111-12-E-16S,425,Eye,16S,2019-2020,111-12-E,111,111,12,Sagitta,E,2020_E_111,E_111,TOLLEBEEK,Tarwe,Wheat,Clay
HeelEye2019.111.34.E.16S_000000000.JK6WL,HeelEye2019-111-34-E-16S,693,Eye,16S,2019-2020,111-34-E,111,111,34,Sagitta,E,2020_E_111,E_111,TOLLEBEEK,Tarwe,Wheat,Clay
HeelEye2019.112.12.E.16S_000000000.JLBCC,HeelEye2019-112-12-E-16S,620,Eye,16S,2019-2020,112-12-E,112,112,12,Sagitta,E,2020_E_112,E_112,LUTTELGEEST,Witlof,Chicory,Clay
HeelEye2019.112.34.E.16S_000000000.JMLM7,HeelEye2019-112-34-E-16S,384,Eye,16S,2019-2020,112-34-E,112,112,34,Sagitta,E,2020_E_112,E_112,LUTTELGEEST,Witlof,Chicory,Clay
HeelEye2019.113.12.E.16S_000000000.JLB35,HeelEye2019-113-12-E-16S,516,Eye,16S,2019-2020,113-12-E,113,113,12,Sagitta,E,2020_E_113,E_113,TERHOLE,NA,Unknown,Clay
HeelEye2019.113.34.E.16S_000000000.JLBCC,HeelEye2019-113-34-E-16S,607,Eye,16S,2019-2020,113-34-E,113,113,34,Sagitta,E,2020_E_113,E_113,TERHOLE,NA,Unknown,Clay
HeelEye2019.114.2.E.16S_000000000.JKRF4,HeelEye2019-114-2-E-16S,182,Eye,16S,2019-2020,114-2-E,114,114,2,Sagitta,E,2020_E_114,E_114,ZAAMSLAG,Suikerbieten,Sugar beet,Clay
HeelEye2019.114.34.E.16S_000000000.JMMDW,HeelEye2019-114-34-E-16S,473,Eye,16S,2019-2020,114-34-E,114,114,34,Sagitta,E,2020_E_114,E_114,ZAAMSLAG,Suikerbieten,Sugar beet,Clay
X53.115.4.O.16S_000000000.JCCFG,53-115-4-O-16S,X53,eye,16S,2018-2019,115-O-4,115,115,4,Sagitta,E,2019_E_115,E_115,NAGELE,NA,Unknown,Clay
HeelEye2019.115.12.E.16S_000000000.JLBMN,HeelEye2019-115-12-E-16S,423,Eye,16S,2019-2020,115-12-E,115,115,12,Sagitta,E,2020_E_115,E_115,BIERVLIET,Wortelen en tarwe,Carrot,Clay
HeelEye2019.115.34.E.16S_000000000.JLB35,HeelEye2019-115-34-E-16S,500,Eye,16S,2019-2020,115-34-E,115,115,34,Sagitta,E,2020_E_115,E_115,BIERVLIET,Wortelen en tarwe,Carrot,Clay
S108.115.O.1.16S_000000000.J58CV,108-115-O-1-16S,108,eye,16S,2018-2019,115-O-1,115,115,1,Sagitta,E,2019_E_115,E_115,NAGELE,NA,Unknown,Clay
S146.115.O.3.16S_000000000.J52V7,146-115-O-3-16S,146,eye,16S,2018-2019,115-O-3,115,115,3,Sagitta,E,2019_E_115,E_115,NAGELE,NA,Unknown,Clay
S163.115.O.2.16S_000000000.J52V7,163-115-O-2-16S,163,eye,16S,2018-2019,115-O-2,115,115,2,Sagitta,E,2019_E_115,E_115,NAGELE,NA,Unknown,Clay
HeelEye2019.116.12.E.16S_000000000.JLB35,HeelEye2019-116-12-E-16S,487,Eye,16S,2019-2020,116-12-E,116,116,12,Sagitta,E,2020_E_116,E_116,ENS,NA,Unknown,Clay
HeelEye2019.116.34.E.16S_000000000.JLHG5,HeelEye2019-116-34-E-16S,326,Eye,16S,2019-2020,116-34-E,116,116,34,Sagitta,E,2020_E_116,E_116,ENS,NA,Unknown,Clay
X21.117.1.O.16S_000000000.J99GR,21_117_1_O_16S,W21,eye,16S,2018-2019,117-O-1,117,117,1,Sagitta,E,2019_E_117,E_117,BANT,NA,Unknown,Clay
HeelEye2019.117.12.E.16S_000000000.JH6L7,HeelEye2019-117-12-E-16S,84,Eye,16S,2019-2020,117-12-E,117,117,12,Sagitta,E,2020_E_117,E_117,KRUISLAND,NA,Unknown,Clay
HeelEye2019.117.34.E.16S_000000000.JKRF4,HeelEye2019-117-34-E-16S,163,Eye,16S,2019-2020,117-34-E,117,117,34,Sagitta,E,2020_E_117,E_117,KRUISLAND,NA,Unknown,Clay
S169.117.O.3.16S_000000000.J52V7,169-117-O-3-16S,169,eye,16S,2018-2019,117-O-3,117,117,3,Sagitta,E,2019_E_117,E_117,BANT,NA,Unknown,Clay
S52.117.O.2.16S_000000000.J53BN,52-117-O-2-16S,52,eye,16S,2018-2019,117-O-2,117,117,2,Sagitta,E,2019_E_117,E_117,BANT,NA,Unknown,Clay
S99.117.O.4.16S_000000000.J58CV,99-117-O-4-16S,99,eye,16S,2018-2019,117-O-4,117,117,4,Sagitta,E,2019_E_117,E_117,BANT,NA,Unknown,Clay
HeelEye2019.118.12.E.16S_000000000.JLHG5,HeelEye2019-118-12-E-16S,300,Eye,16S,2019-2020,118-12-E,118,118,12,Sagitta,E,2020_E_118,E_118,DINTELOORD,Plantuien,Onion,Clay
HeelEye2019.118.34.E.16S_000000000.JKRF4,HeelEye2019-118-34-E-16S,164,Eye,16S,2019-2020,118-34-E,118,118,34,Sagitta,E,2020_E_118,E_118,DINTELOORD,Plantuien,Onion,Clay
HeelEye2019.119.12.E.16S_000000000.JLB35,HeelEye2019-119-12-E-16S,520,Eye,16S,2019-2020,119-12-E,119,119,12,Sagitta,E,2020_E_119,E_119,TOLLEBEEK,NA,Unknown,Clay
HeelEye2019.119.34.E.16S_000000000.JLBCC,HeelEye2019-119-34-E-16S,601,Eye,16S,2019-2020,119-34-E,119,119,34,Sagitta,E,2020_E_119,E_119,TOLLEBEEK,NA,Unknown,Clay
HeelEye2019.120.12.E.16S_000000000.JLB35,HeelEye2019-120-12-E-16S,510,Eye,16S,2019-2020,120-12-E,120,120,12,Sagitta,E,2020_E_120,E_120,KRUISLAND,Plantuien,Onion,Clay
HeelEye2019.120.34.E.16S_000000000.JMMDW,HeelEye2019-120-34-E-16S,449,Eye,16S,2019-2020,120-34-E,120,120,34,Sagitta,E,2020_E_120,E_120,KRUISLAND,Plantuien,Onion,Clay
HeelEye2019.91.12.E.16S_000000000.JKP74,HeelEye2019-91-12-E-16S,246,Eye,16S,2019-2020,91-12-E,91,91,12,Sagitta,E,2020_E_91,E_91,USQUERT,NA,Unknown,Clay
HeelEye2019.91.34.E.16S_000000000.JMHTR,HeelEye2019-91-34-E-16S,627,Eye,16S,2019-2020,91-34-E,91,91,34,Sagitta,E,2020_E_91,E_91,USQUERT,NA,Unknown,Clay
S161.91.O.1.16S_000000000.J52V7,161-91-O-1-16S,161,eye,16S,2018-2019,91-O-1,91,91,1,Sagitta,E,2019_E_91,E_91,NAGELE,NA,Unknown,Clay
S176.91.O.3.16S_000000000.J52V7,176-91-O-3-16S,176,eye,16S,2018-2019,91-O-3,91,91,3,Sagitta,E,2019_E_91,E_91,NAGELE,NA,Unknown,Clay
S181.91.O.4.16S_000000000.J52V7,181-91-O-4-16S,181,eye,16S,2018-2019,91-O-4,91,91,4,Sagitta,E,2019_E_91,E_91,NAGELE,NA,Unknown,Clay
S188.91.O.2.16S_000000000.J52V7,188-91-O-2-16S,188,eye,16S,2018-2019,91-O-2,91,91,2,Sagitta,E,2019_E_91,E_91,NAGELE,NA,Unknown,Clay
HeelEye2019.92.12.E.16S_000000000.JLBMN,HeelEye2019-92-12-E-16S,418,Eye,16S,2019-2020,92-12-E,92,92,12,Sagitta,E,2020_E_92,E_92,ZANDEWEER,Wintertarwe,Wheat,Clay
HeelEye2019.92.34.E.16S_000000000.JMLN7,HeelEye2019-92-34-E-16S,565,Eye,16S,2019-2020,92-34-E,92,92,34,Sagitta,E,2020_E_92,E_92,ZANDEWEER,Wintertarwe,Wheat,Clay
HeelEye2019.93.12.E.16S_000000000.JKRF4,HeelEye2019-93-12-E-16S,149,Eye,16S,2019-2020,93-12-E,93,93,12,Sagitta,E,2020_E_93,E_93,t ZANDT,Tarwe,Wheat,Clay
HeelEye2019.93.4.E.16S_000000000.JMMDW,HeelEye2019-93-4-E-16S,434,Eye,16S,2019-2020,93-4-E,93,93,4,Sagitta,E,2020_E_93,E_93,t ZANDT,Tarwe,Wheat,Clay
HeelEye2019.94.12.E.16S_000000000.JMM89,HeelEye2019-94-12-E-16S,207,Eye,16S,2019-2020,94-12-E,94,94,12,Sagitta,E,2020_E_94,E_94,UITHUIZERMEEDEN,Braak,Fallow,Clay
HeelEye2019.94.34.E.16S_000000000.JLBCC,HeelEye2019-94-34-E-16S,578,Eye,16S,2019-2020,94-34-E,94,94,34,Sagitta,E,2020_E_94,E_94,UITHUIZERMEEDEN,Braak,Fallow,Clay
HeelEye2019.95.12.E.16S_000000000.JLBCC,HeelEye2019-95-12-E-16S,615,Eye,16S,2019-2020,95-12-E,95,95,12,Sagitta,E,2020_E_95,E_95,WESTERNIELAND,NA,Unknown,Clay
HeelEye2019.95.34.E.16S_000000000.JMMDW,HeelEye2019-95-34-E-16S,457,Eye,16S,2019-2020,95-34-E,95,95,34,Sagitta,E,2020_E_95,E_95,WESTERNIELAND,NA,Unknown,Clay
HeelEye2019.96.12.E.16S_000000000.JMHTR,HeelEye2019-96-12-E-16S,632,Eye,16S,2019-2020,96-12-E,96,96,12,Sagitta,E,2020_E_96,E_96,DEN ANDEL,NA,Unknown,Clay
HeelEye2019.96.34.E.16S_000000000.JLBMN,HeelEye2019-96-34-E-16S,402,Eye,16S,2019-2020,96-34-E,96,96,34,Sagitta,E,2020_E_96,E_96,DEN ANDEL,NA,Unknown,Clay
S114.96.O.1.16S_000000000.J58CV,114-96-O-1-16S,114,eye,16S,2018-2019,96-O-1,96,96,1,Sagitta,E,2019_E_96,E_96,SWIFTERBANT,Suikerbieten,Sugar beet,Clay
S115.96.O.2.16S_000000000.J58CV,115-96-O-2-16S,115,eye,16S,2018-2019,96-O-2,96,96,2,Sagitta,E,2019_E_96,E_96,SWIFTERBANT,Suikerbieten,Sugar beet,Clay
S157.96.O.3.16S_000000000.J52V7,157-96-O-3-16S,157,eye,16S,2018-2019,96-O-3,96,96,3,Sagitta,E,2019_E_96,E_96,SWIFTERBANT,Suikerbieten,Sugar beet,Clay
S83.96.O.4.16S_000000000.J53BN,83-96-O-4-16S,83,eye,16S,2018-2019,96-O-4,96,96,4,Sagitta,E,2019_E_96,E_96,SWIFTERBANT,Suikerbieten,Sugar beet,Clay
HeelEye2019.97.12.E.16S_000000000.JLBCC,HeelEye2019-97-12-E-16S,582,Eye,16S,2019-2020,97-12-E,97,97,12,Sagitta,E,2020_E_97,E_97,MENSINGEWEER,Grasland,Grass,Clay
HeelEye2019.97.34.E.16S_000000000.JLHG5,HeelEye2019-97-34-E-16S,298,Eye,16S,2019-2020,97-34-E,97,97,34,Sagitta,E,2020_E_97,E_97,MENSINGEWEER,Grasland,Grass,Clay
HeelEye2019.98.12.E.16S_000000000.JH6L7,HeelEye2019-98-12-E-16S,49,Eye,16S,2019-2020,98-12-E,98,98,12,Sagitta,E,2020_E_98,E_98,EENRUM,Wintergerst,Barley,Clay
HeelEye2019.98.12.E.16S_000000000.JMLN7,HeelEye2019-98-12-E-16S,560,Eye,16S,2019-2020,98-12-E,98,98,12,Sagitta,E,2020_E_98,E_98,EENRUM,Wintergerst,Barley,Clay
HeelEye2019.98.34.E.16S_000000000.JFHYF,HeelEye2019-98-34-E-16S,45,Eye,16S,2019-2020,98-34-E,98,98,34,Sagitta,E,2020_E_98,E_98,EENRUM,Wintergerst,Barley,Clay
HeelEye2019.98.34.E.16S_000000000.JMLN7,HeelEye2019-98-34-E-16S,544,Eye,16S,2019-2020,98-34-E,98,98,34,Sagitta,E,2020_E_98,E_98,EENRUM,Wintergerst,Barley,Clay
S125.98.O.2.16S_000000000.J58CV,125-98-O-2-16S,125,eye,16S,2018-2019,98-O-2,98,98,2,Sagitta,E,2019_E_98,E_98,MARRUM,NA,Unknown,Clay
S5.98.O.1.16S_000000000.J59B3,5-98-O-1-16S,5,eye,16S,2018-2019,98-O-1,98,98,1,Sagitta,E,2019_E_98,E_98,MARRUM,NA,Unknown,Clay
S6.98.O.4.16S_000000000.J59B3,6-98-O-4-16S,6,eye,16S,2018-2019,98-O-4,98,98,4,Sagitta,E,2019_E_98,E_98,MARRUM,NA,Unknown,Clay
S81.98.O.3.16S_000000000.J53BN,81-98-O-3-16S,81,eye,16S,2018-2019,98-O-3,98,98,3,Sagitta,E,2019_E_98,E_98,MARRUM,NA,Unknown,Clay
HeelEye2019.99.12.E.16S_000000000.JLBMN,HeelEye2019-99-12-E-16S,395,Eye,16S,2019-2020,99-12-E,99,99,12,Sagitta,E,2020_E_99,E_99,SAAXUMHUIZEN,NA,Unknown,Clay
HeelEye2019.99.34.E.16S_000000000.JKP74,HeelEye2019-99-34-E-16S,260,Eye,16S,2019-2020,99-34-E,99,99,34,Sagitta,E,2020_E_99,E_99,SAAXUMHUIZEN,NA,Unknown,Clay
HeelEye2019.121.12.E.16S.redo_000000000.JK6WL,HeelEye2019-121-12-E-16S-redo,691,Eye,16S,2019-2020,121-12-E,121,121,12,Seresta,F,2020_F_121,F_121,WESTERNIELAND,NA,Unknown,Clay
HeelEye2019.121.12.E.16S_000000000.JK6WL,HeelEye2019-121-12-E-16S,756,Eye,16S,2019-2020,121-12-E,121,121,12,Seresta,F,2020_F_121,F_121,WESTERNIELAND,NA,Unknown,Clay
HeelEye2019.121.34.E.16S_000000000.JKP74,HeelEye2019-121-34-E-16S,253,Eye,16S,2019-2020,121-34-E,121,121,34,Seresta,F,2020_F_121,F_121,WESTERNIELAND,NA,Unknown,Clay
X12.122.3.O.16S_000000000.J99GR,12_122_3_O_16S,W12,eye,16S,2018-2019,122-O-3,122,202,3,Seresta,F,2019_F_122,F_122,ST. ANNAPAROCHIE,NA,Unknown,Clay
X38.122.4.O.16S_000000000.J99GR,38_122_4_O_16S,W38,eye,16S,2018-2019,122-O-4,122,202,4,Seresta,F,2019_F_122,F_122,ST. ANNAPAROCHIE,NA,Unknown,Clay
X56.122.2.O.16S_000000000.JCCFG,56-122-2-O-16S,X56,eye,16S,2018-2019,122-O-2,122,202,2,Seresta,F,2019_F_122,F_122,ST. ANNAPAROCHIE,NA,Unknown,Clay
X8.122.1.O.16S_000000000.J99GR,8_122_1_O_16S,W8,eye,16S,2018-2019,122-O-1,122,202,1,Seresta,F,2019_F_122,F_122,ST. ANNAPAROCHIE,NA,Unknown,Clay
HeelEye2019.122.12.E.16S_000000000.JKP74,HeelEye2019-122-12-E-16S,255,Eye,16S,2019-2020,122-12-E,122,122,12,Seresta,F,2020_F_122,F_122,NA,Gras,Grass,Sand
HeelEye2019.122.34.E.16S_000000000.JLBCC,HeelEye2019-122-34-E-16S,592,Eye,16S,2019-2020,122-34-E,122,122,34,Seresta,F,2020_F_122,F_122,NA,Gras,Grass,Sand
HeelEye2019.123.12.E.16S_000000000.JKP3P,HeelEye2019-123-12-E-16S,144,Eye,16S,2019-2020,123-12-E,123,123,12,Seresta,F,2020_F_123,F_123,KRAGGENBURG,NA,Unknown,Clay
HeelEye2019.123.34.E.16S_000000000.JLBCC,HeelEye2019-123-34-E-16S,599,Eye,16S,2019-2020,123-34-E,123,123,34,Seresta,F,2020_F_123,F_123,KRAGGENBURG,NA,Unknown,Clay
HeelEye2019.124.12.E.16S_000000000.JLBMN,HeelEye2019-124-12-E-16S,420,Eye,16S,2019-2020,124-12-E,124,124,12,Seresta,F,2020_F_124,F_124,KRAGGENBURG,NA,Unknown,Clay
HeelEye2019.124.34.E.16S_000000000.JLB35,HeelEye2019-124-34-E-16S,492,Eye,16S,2019-2020,124-34-E,124,124,34,Seresta,F,2020_F_124,F_124,KRAGGENBURG,NA,Unknown,Clay
HeelEye2019.125.12.E.16S_000000000.JLBCC,HeelEye2019-125-12-E-16S,621,Eye,16S,2019-2020,125-12-E,125,125,12,Seresta,F,2020_F_125,F_125,PIETERZIJL,NA,Unknown,Clay
HeelEye2019.125.34.E.16S_000000000.JLBCC,HeelEye2019-125-34-E-16S,579,Eye,16S,2019-2020,125-34-E,125,125,34,Seresta,F,2020_F_125,F_125,PIETERZIJL,NA,Unknown,Clay
S143.125.O.4.16S_000000000.J58CV,143-125-O-4-16S,143,eye,16S,2018-2019,125-O-4,125,205,4,Seresta,F,2019_F_125,F_125,Westernieland,Wintertarwe,Wheat,Clay
S149.125.O.1.16S_000000000.J52V7,149-125-O-1-16S,149,eye,16S,2018-2019,125-O-1,125,205,1,Seresta,F,2019_F_125,F_125,Westernieland,Wintertarwe,Wheat,Clay
S21.125.O.3.16S_000000000.J59B3,21-125-O-3-16S,21,eye,16S,2018-2019,125-O-3,125,205,3,Seresta,F,2019_F_125,F_125,Westernieland,Wintertarwe,Wheat,Clay
S74.125.O.2.16S_000000000.J53BN,74-125-O-2-16S,74,eye,16S,2018-2019,125-O-2,125,205,2,Seresta,F,2019_F_125,F_125,Westernieland,Wintertarwe,Wheat,Clay
HeelEye2019.126.12.E.16S_000000000.JLHG5,HeelEye2019-126-12-E-16S,294,Eye,16S,2019-2020,126-12-E,126,126,12,Seresta,F,2020_F_126,F_126,MUNNEKEZIJL,NA,Unknown,Clay
HeelEye2019.126.34.E.16S_000000000.JMHTR,HeelEye2019-126-34-E-16S,658,Eye,16S,2019-2020,126-34-E,126,126,34,Seresta,F,2020_F_126,F_126,MUNNEKEZIJL,NA,Unknown,Clay
HeelEye2019.127.12.E.16S_000000000.JLBCC,HeelEye2019-127-12-E-16S,583,Eye,16S,2019-2020,127-12-E,127,127,12,Seresta,F,2020_F_127,F_127,KLOOSTERBUREN,Wintertarwe,Wheat,Clay
HeelEye2019.127.34.E.16S_000000000.JFHYF,HeelEye2019-127-34-E-16S,46,Eye,16S,2019-2020,127-34-E,127,127,34,Seresta,F,2020_F_127,F_127,KLOOSTERBUREN,Wintertarwe,Wheat,Clay
HeelEye2019.128.12.E.16S_000000000.JK6WL,HeelEye2019-128-12-E-16S,709,Eye,16S,2019-2020,128-12-E,128,128,12,Seresta,F,2020_F_128,F_128,WARFFUM,Wintertarwe,Wheat,Clay
HeelEye2019.128.34.E.16S_000000000.JLBMN,HeelEye2019-128-34-E-16S,391,Eye,16S,2019-2020,128-34-E,128,128,34,Seresta,F,2020_F_128,F_128,WARFFUM,Wintertarwe,Wheat,Clay
HeelEye2019.130.12.E.16S_000000000.JH6L7,HeelEye2019-130-12-E-16S,80,Eye,16S,2019-2020,130-12-E,130,130,12,Seresta,F,2020_F_130,F_130,ST. ANNAPAROCHIE,NA,Unknown,Clay
HeelEye2019.130.34.E.16S_000000000.JMM89,HeelEye2019-130-34-E-16S,224,Eye,16S,2019-2020,130-34-E,130,130,34,Seresta,F,2020_F_130,F_130,ST. ANNAPAROCHIE,NA,Unknown,Clay
HeelEye2019.131.12.E.16S_000000000.JLHG5,HeelEye2019-131-12-E-16S,312,Eye,16S,2019-2020,131-12-E,131,131,12,Seresta,F,2020_F_131,F_131,BOYL,NA,Unknown,Sand
HeelEye2019.131.34.E.16S_000000000.JLBMN,HeelEye2019-131-34-E-16S,430,Eye,16S,2019-2020,131-34-E,131,131,34,Seresta,F,2020_F_131,F_131,BOYL,NA,Unknown,Sand
HeelEye2019.133.12.E.16S_000000000.JMMDW,HeelEye2019-133-12-E-16S,468,Eye,16S,2019-2020,133-12-E,133,133,12,Seresta,F,2020_F_133,F_133,EENRUM,Winterwortel,Carrot,Clay
HeelEye2019.133.34.E.16S_000000000.JLBCC,HeelEye2019-133-34-E-16S,617,Eye,16S,2019-2020,133-34-E,133,133,34,Seresta,F,2020_F_133,F_133,EENRUM,Winterwortel,Carrot,Clay
HeelEye2019.134.12.E.16S_000000000.JK6WL,HeelEye2019-134-12-E-16S,689,Eye,16S,2019-2020,134-12-E,134,134,12,Seresta,F,2020_F_134,F_134,HELLUM,NA,Unknown,Sand
HeelEye2019.134.34.E.16S_000000000.JK6WL,HeelEye2019-134-34-E-16S,687,Eye,16S,2019-2020,134-34-E,134,134,34,Seresta,F,2020_F_134,F_134,HELLUM,NA,Unknown,Sand
HeelEye2019.135.12.E.16S_000000000.JMLN7,HeelEye2019-135-12-E-16S,539,Eye,16S,2019-2020,135-12-E,135,135,12,Seresta,F,2020_F_135,F_135,SCHOONLOO,NA,Unknown,Sand
HeelEye2019.135.34.E.16S_000000000.JK6WL,HeelEye2019-135-34-E-16S,710,Eye,16S,2019-2020,135-34-E,135,135,34,Seresta,F,2020_F_135,F_135,SCHOONLOO,NA,Unknown,Sand
HeelEye2019.136.12.E.16S_000000000.JKP3P,HeelEye2019-136-12-E-16S,138,Eye,16S,2019-2020,136-12-E,136,136,12,Seresta,F,2020_F_136,F_136,AMEN,NA,Unknown,Sand
HeelEye2019.136.34.E.16S_000000000.JMHTR,HeelEye2019-136-34-E-16S,636,Eye,16S,2019-2020,136-34-E,136,136,34,Seresta,F,2020_F_136,F_136,AMEN,NA,Unknown,Sand
HeelEye2019.137.12.E.16S_000000000.JMM89,HeelEye2019-137-12-E-16S,212,Eye,16S,2019-2020,137-12-E,137,137,12,Seresta,F,2020_F_137,F_137,ROLDE,NA,Unknown,Sand
HeelEye2019.137.34.E.16S_000000000.JH6L7,HeelEye2019-137-34-E-16S,68,Eye,16S,2019-2020,137-34-E,137,137,34,Seresta,F,2020_F_137,F_137,ROLDE,NA,Unknown,Sand
R16.137.O.1.16S_000000000.JCCFG,R16-137-O-1-16S,R16,eye,16S,2018-2019,137-O-1,137,217,1,Seresta,F,2019_F_137,F_137,WARFFUM,NA,Unknown,Clay
R17.137.O.2.16S_000000000.JCCFG,R17-137-O-2-16S,R17,eye,16S,2018-2019,137-O-2,137,217,2,Seresta,F,2019_F_137,F_137,WARFFUM,NA,Unknown,Clay
R19.137.O.3.16S_000000000.JCCFG,R19-137-O-3-16S,R19,eye,16S,2018-2019,137-O-3,137,217,3,Seresta,F,2019_F_137,F_137,WARFFUM,NA,Unknown,Clay
S53.137.O.4.16S_000000000.J53BN,53-137-O-4-16S,53,eye,16S,2018-2019,137-O-4,137,217,4,Seresta,F,2019_F_137,F_137,WARFFUM,NA,Unknown,Clay
X33.139.3.O.16S_000000000.J99GR,33_139_3_O_16S,W33,eye,16S,2018-2019,139-O-3,139,219,3,Seresta,F,2019_F_139,F_139,SIDDEBUREN,Tarwe,Wheat,Sand
HeelEye2019.139.12.E.16S_000000000.JLB35,HeelEye2019-139-12-E-16S,512,Eye,16S,2019-2020,139-12-E,139,139,12,Seresta,F,2020_F_139,F_139,WACHTUM,NA,Unknown,Sand
HeelEye2019.139.34.E.16S_000000000.JMHTR,HeelEye2019-139-34-E-16S,625,Eye,16S,2019-2020,139-34-E,139,139,34,Seresta,F,2020_F_139,F_139,WACHTUM,NA,Unknown,Sand
S27.139.O.4.16S_000000000.J59B3,27-139-O-4-16S,27,eye,16S,2018-2019,139-O-4,139,219,4,Seresta,F,2019_F_139,F_139,SIDDEBUREN,Tarwe,Wheat,Sand
S41.139.O.2.16S_000000000.J59B3,41-139-O-2-16S,41,eye,16S,2018-2019,139-O-2,139,219,2,Seresta,F,2019_F_139,F_139,SIDDEBUREN,Tarwe,Wheat,Sand
S47.139.O.1.16S_000000000.J59B3,47-139-O-1-16S,47,eye,16S,2018-2019,139-O-1,139,219,1,Seresta,F,2019_F_139,F_139,SIDDEBUREN,Tarwe,Wheat,Sand
HeelEye2019.140.12.E.16S_000000000.JLBCC,HeelEye2019-140-12-E-16S,624,Eye,16S,2019-2020,140-12-E,140,140,12,Seresta,F,2020_F_140,F_140,HELLUM,NA,Unknown,Sand
HeelEye2019.140.34.E.16S_000000000.JLBMN,HeelEye2019-140-34-E-16S,432,Eye,16S,2019-2020,140-34-E,140,140,34,Seresta,F,2020_F_140,F_140,HELLUM,NA,Unknown,Sand
HeelEye2019.141.2.E.16S_000000000.JLBMN,HeelEye2019-141-2-E-16S,385,Eye,16S,2019-2020,141-2-E,141,141,2,Seresta,F,2020_F_141,F_141,SIDDEBUREN,Mais met gras,Maize,Sand
HeelEye2019.141.34.E.16S_000000000.JK6WL,HeelEye2019-141-34-E-16S,708,Eye,16S,2019-2020,141-34-E,141,141,34,Seresta,F,2020_F_141,F_141,SIDDEBUREN,Mais met gras,Maize,Sand
HeelEye2019.142.12.E.16S_000000000.JLBMN,HeelEye2019-142-12-E-16S,415,Eye,16S,2019-2020,142-12-E,142,142,12,Seresta,F,2020_F_142,F_142,HOGE HEXEL,NA,Unknown,Sand
HeelEye2019.142.34.E.16S_000000000.JLBMN,HeelEye2019-142-34-E-16S,398,Eye,16S,2019-2020,142-34-E,142,142,34,Seresta,F,2020_F_142,F_142,HOGE HEXEL,NA,Unknown,Sand
HeelEye2019.143.12.E.16S_000000000.JMM89,HeelEye2019-143-12-E-16S,195,Eye,16S,2019-2020,143-12-E,143,143,12,Seresta,F,2020_F_143,F_143,HOGE HEXEL,NA,Unknown,Sand
HeelEye2019.143.4.E.16S_000000000.JMLM7,HeelEye2019-143-4-E-16S,374,Eye,16S,2019-2020,143-4-E,143,143,4,Seresta,F,2020_F_143,F_143,HOGE HEXEL,NA,Unknown,Sand
X18.181.2.O.16S_000000000.J99GR,18_181_2_O_16S,W18,eye,16S,2018-2019,181-O-2,144,224,2,Seresta,F,2019_F_144,F_144,WIERDEN,Grasland,Grass,Sand
X42.181.4.O.16S_000000000.J99GR,42_181_4_O_16S,W42,eye,16S,2018-2019,181-O-4,144,224,4,Seresta,F,2019_F_144,F_144,WIERDEN,Grasland,Grass,Sand
X59.181.3.O.16S_000000000.JCCFG,59-181-3-O-16S,X59,eye,16S,2018-2019,181-O-3,144,224,3,Seresta,F,2019_F_144,F_144,WIERDEN,Grasland,Grass,Sand
X63.181.1.O.16S_000000000.JCCFG,63-181-1-O-16S,X63,eye,16S,2018-2019,181-O-1,144,224,1,Seresta,F,2019_F_144,F_144,WIERDEN,Grasland,Grass,Sand
HeelEye2019.144.12.E.16S_000000000.JKRF4,HeelEye2019-144-12-E-16S,166,Eye,16S,2019-2020,144-12-E,144,144,12,Seresta,F,2020_F_144,F_144,WIERDEN,NA,Unknown,Sand
HeelEye2019.144.34.E.16S_000000000.JK6WL,HeelEye2019-144-34-E-16S,678,Eye,16S,2019-2020,144-34-E,144,144,34,Seresta,F,2020_F_144,F_144,WIERDEN,NA,Unknown,Sand
HeelEye2019.145.12.E.16S_000000000.JKP74,HeelEye2019-145-12-E-16S,271,Eye,16S,2019-2020,145-12-E,145,145,12,Seresta,F,2020_F_145,F_145,USQUERT,NA,Unknown,Clay
HeelEye2019.145.34.E.16S_000000000.JFHYF,HeelEye2019-145-34-E-16S,22,Eye,16S,2019-2020,145-34-E,145,145,34,Seresta,F,2020_F_145,F_145,USQUERT,NA,Unknown,Clay
HeelEye2019.146.12.E.16S_000000000.JKRF4,HeelEye2019-146-12-E-16S,176,Eye,16S,2019-2020,146-12-E,146,146,12,Seresta,F,2020_F_146,F_146,MARKNESSE,NA,Unknown,Clay
HeelEye2019.146.34.E.16S_000000000.JMHTR,HeelEye2019-146-34-E-16S,659,Eye,16S,2019-2020,146-34-E,146,146,34,Seresta,F,2020_F_146,F_146,MARKNESSE,NA,Unknown,Clay
HeelEye2019.147.12.E.16S_000000000.JKP3P,HeelEye2019-147-12-E-16S,124,Eye,16S,2019-2020,147-12-E,147,147,12,Seresta,F,2020_F_147,F_147,LAUWERZIJL,NA,Unknown,Clay
HeelEye2019.147.34.E.16S_000000000.JMM89,HeelEye2019-147-34-E-16S,205,Eye,16S,2019-2020,147-34-E,147,147,34,Seresta,F,2020_F_147,F_147,LAUWERZIJL,NA,Unknown,Clay
HeelEye2019.148.12.E.16S_000000000.JKP74,HeelEye2019-148-12-E-16S,283,Eye,16S,2019-2020,148-12-E,148,148,12,Seresta,F,2020_F_148,F_148,WIJSTER,NA,Unknown,Sand
HeelEye2019.148.34.E.16S_000000000.JMHTR,HeelEye2019-148-34-E-16S,660,Eye,16S,2019-2020,148-34-E,148,148,34,Seresta,F,2020_F_148,F_148,WIJSTER,NA,Unknown,Sand
HeelEye2019.149.12.E.16S_000000000.JKP74,HeelEye2019-149-12-E-16S,267,Eye,16S,2019-2020,149-12-E,149,149,12,Seresta,F,2020_F_149,F_149,WIJSTER,NA,Unknown,Sand
HeelEye2019.149.34.E.16S_000000000.JMLM7,HeelEye2019-149-34-E-16S,377,Eye,16S,2019-2020,149-34-E,149,149,34,Seresta,F,2020_F_149,F_149,WIJSTER,NA,Unknown,Sand
R18.149.O.3.16S_000000000.JCCFG,R18-149-O-3-16S,R18,eye,16S,2018-2019,149-O-3,149,229,3,Seresta,F,2019_F_149,F_149,HELLUM,Mais,Maize,Sand
S140.149.O.2.16S_000000000.J58CV,140-149-O-2-16S,140,eye,16S,2018-2019,149-O-2,149,229,2,Seresta,F,2019_F_149,F_149,HELLUM,Mais,Maize,Sand
S19.149.O.4.16S_000000000.J59B3,19-149-O-4-16S,19,eye,16S,2018-2019,149-O-4,149,229,4,Seresta,F,2019_F_149,F_149,HELLUM,Mais,Maize,Sand
S40.149.O.1.16S_000000000.J59B3,40-149-O-1-16S,40,eye,16S,2018-2019,149-O-1,149,229,1,Seresta,F,2019_F_149,F_149,HELLUM,Mais,Maize,Sand
HeelEye2019.150.12.E.16S_000000000.JLHG5,HeelEye2019-150-12-E-16S,334,Eye,16S,2019-2020,150-12-E,150,150,12,Seresta,F,2020_F_150,F_150,MUNNEKEZIJL,NA,Unknown,Clay
HeelEye2019.150.34.E.16S_000000000.JLBMN,HeelEye2019-150-34-E-16S,400,Eye,16S,2019-2020,150-34-E,150,150,34,Seresta,F,2020_F_150,F_150,MUNNEKEZIJL,NA,Unknown,Clay
X3.151.1.O.16S_000000000.J99GR,3_151_1_O_16S,W3,eye,16S,2018-2019,151-O-1,151,231,1,Seresta,F,2019_F_151,F_151,SCHOONLOO,Grasland,Grass,Sand
X49.151.3.O.16S_000000000.JCCFG,49-151-3-O-16S,X49,eye,16S,2018-2019,151-O-3,151,231,3,Seresta,F,2019_F_151,F_151,SCHOONLOO,Grasland,Grass,Sand
X51.151.4.O.16S_000000000.JCCFG,51-151-4-O-16S,X51,eye,16S,2018-2019,151-O-4,151,231,4,Seresta,F,2019_F_151,F_151,SCHOONLOO,Grasland,Grass,Sand
X54.151.2.O.16S_000000000.JCCFG,54-151-2-O-16S,X54,eye,16S,2018-2019,151-O-2,151,231,2,Seresta,F,2019_F_151,F_151,SCHOONLOO,Grasland,Grass,Sand
S109.152.O.4.16S_000000000.J58CV,109-152-O-4-16S,109,eye,16S,2018-2019,152-O-4,152,232,4,Seresta,F,2019_F_152,F_152,SCHOONLOO,Grasland,Grass,Sand
S129.152.O.3.16S_000000000.J58CV,129-152-O-3-16S,129,eye,16S,2018-2019,152-O-3,152,232,3,Seresta,F,2019_F_152,F_152,SCHOONLOO,Grasland,Grass,Sand
S168.152.O.2.16S_000000000.J52V7,168-152-O-2-16S,168,eye,16S,2018-2019,152-O-2,152,232,2,Seresta,F,2019_F_152,F_152,SCHOONLOO,Grasland,Grass,Sand
S62.152.O.1.16S_000000000.J53BN,62-152-O-1-16S,62,eye,16S,2018-2019,152-O-1,152,232,1,Seresta,F,2019_F_152,F_152,SCHOONLOO,Grasland,Grass,Sand
X26.157.1.O.16S_000000000.J99GR,26_157_1_O_16S,W26,eye,16S,2018-2019,157-O-1,157,237,1,Seresta,F,2019_F_157,F_157,ROLDE,Grasland,Grass,Sand
S17.157.O.4.16S_000000000.J59B3,17-157-O-4-16S,17,eye,16S,2018-2019,157-O-4,157,237,4,Seresta,F,2019_F_157,F_157,ROLDE,Grasland,Grass,Sand
S39.157.O.3.16S_000000000.J59B3,39-157-O-3-16S,39,eye,16S,2018-2019,157-O-3,157,237,3,Seresta,F,2019_F_157,F_157,ROLDE,Grasland,Grass,Sand
S55.157.O.2.16S_000000000.J53BN,55-157-O-2-16S,55,eye,16S,2018-2019,157-O-2,157,237,2,Seresta,F,2019_F_157,F_157,ROLDE,Grasland,Grass,Sand
R20.158.O.4.16S_000000000.JCCFG,R20-158-O-4-16S,R20,eye,16S,2018-2019,158-O-4,158,238,4,Seresta,F,2019_F_158,F_158,ROLDE,Mais ,Maize,Sand
S111.158.O.1.16S_000000000.J58CV,111-158-O-1-16S,111,eye,16S,2018-2019,158-O-1,158,238,1,Seresta,F,2019_F_158,F_158,ROLDE,Mais ,Maize,Sand
S33.158.O.2.16S_000000000.J59B3,33-158-O-2-16S,33,eye,16S,2018-2019,158-O-2,158,238,2,Seresta,F,2019_F_158,F_158,ROLDE,Mais ,Maize,Sand
S7.158.O.3.16S_000000000.J59B3,7-158-O-3-16S,7,eye,16S,2018-2019,158-O-3,158,238,3,Seresta,F,2019_F_158,F_158,ROLDE,Mais ,Maize,Sand
